,title,creator,date,description,subject,location,latitude,longitude,source,identifier,type,format,language,rights,rightsstatement,display_template,object_location,image_small,image_thumb,image_alt_text,object_transcript
nc0101,Come la not di vinars sant,Maria Moro; Regina Chiapolino,15 novembre 1969,Canto popolare carnico - Priola,Canto popolare carnico - Priola,Priola (UD),129.59.00,176.43.00,Collezione privata di Valter Colle,NC-01-01,Audio,AIF Audio File (VLC),friulano,"Diritti da verificare con il titolare della registrazione; utilizzo consentito esclusivamente per finalità di ricerca, previa autorizzazione.",In Copyright – Rights-Holder(s) Unlocatable or Unresponsive,audio,https://drive.google.com/file/d/1x0oe4U5n_v_9G6S4X47w7xHCGlX927dB/view?usp=drive_link,,,,
nc0102,Fait in su su che bançute,Maria Moro; Regina Chiapolino,15 novembre 1969,Canto popolare carnico - Priola,Canto popolare carnico - Priola,Priola (UD),129.59.00,176.43.00,Collezione privata di Valter Colle,NC-01-02,Audio,AIF Audio File (VLC),friulano,"Diritti da verificare con il titolare della registrazione; utilizzo consentito esclusivamente per finalità di ricerca, previa autorizzazione.",In Copyright – Rights-Holder(s) Unlocatable or Unresponsive,audio,https://drive.google.com/file/d/1OoVJOaO6wX_cUwPQbdtT3f1qEJMIXcTw/view?usp=drive_link,,,,
nc0103,Cui spietaiso preolanis,Maria Moro; Regina Chiapolino,15 novembre 1969,Canto popolare carnico - Priola,Canto popolare carnico - Priola,Priola (UD),129.59.00,176.43.00,Collezione privata di Valter Colle,NC-01-03,Audio,AIF Audio File (VLC),friulano,"Diritti da verificare con il titolare della registrazione; utilizzo consentito esclusivamente per finalità di ricerca, previa autorizzazione.",In Copyright – Rights-Holder(s) Unlocatable or Unresponsive,audio,https://drive.google.com/file/d/1mEU37eExUH6RyIORzTvWxzPgmWE8jgyO/view?usp=drive_link,,,,
nc0104,Lis fantatis preolanis,Maria Moro; Regina Chiapolino,15 novembre 1969,Canto popolare carnico - Priola,Canto popolare carnico - Priola,Priola (UD),129.59.00,176.43.00,Collezione privata di Valter Colle,NC-01-04,Audio,AIF Audio File (VLC),friulano,"Diritti da verificare con il titolare della registrazione; utilizzo consentito esclusivamente per finalità di ricerca, previa autorizzazione.",In Copyright – Rights-Holder(s) Unlocatable or Unresponsive,audio,https://drive.google.com/file/d/1oYilIII1dBYcJpLZIc6eVXKRePqeCXsu/view?usp=drive_link,,,,
nc0105,O vou cir pietous di stelis,Maria Moro; Regina Chiapolino,15 novembre 1969,Canto popolare carnico - Priola,Canto popolare carnico - Priola,Priola (UD),129.59.00,176.43.00,Collezione privata di Valter Colle,NC-01-05,Audio,AIF Audio File (VLC),friulano,"Diritti da verificare con il titolare della registrazione; utilizzo consentito esclusivamente per finalità di ricerca, previa autorizzazione.",In Copyright – Rights-Holder(s) Unlocatable or Unresponsive,audio,https://drive.google.com/file/d/1JWwtvyNZ9kEo1dGlKykJjacv6Ru-glhN/view?usp=drive_link,,,,
nc0106,Tuntrine tuntraine,Maria Moro; Regina Chiapolino,15 novembre 1969,Canto popolare carnico - Priola,Canto popolare carnico - Priola,Priola (UD),129.59.00,176.43.00,Collezione privata di Valter Colle,NC-01-06,Audio,AIF Audio File (VLC),friulano,"Diritti da verificare con il titolare della registrazione; utilizzo consentito esclusivamente per finalità di ricerca, previa autorizzazione.",In Copyright – Rights-Holder(s) Unlocatable or Unresponsive,audio,https://drive.google.com/file/d/1OnCi4L1a4XSfpRqYoqdm_MOJBpM9MdvN/view?usp=drive_link,,,,
nc0107,Oi ninâ,Maria Moro,15 novembre 1969,Canto popolare carnico - Priola,Canto popolare carnico - Priola,Priola (UD),129.59.00,176.43.00,Collezione privata di Valter Colle,NC-01-07,Audio,AIF Audio File (VLC),friulano,"Diritti da verificare con il titolare della registrazione; utilizzo consentito esclusivamente per finalità di ricerca, previa autorizzazione.",In Copyright – Rights-Holder(s) Unlocatable or Unresponsive,audio,https://drive.google.com/file/d/14iCD5M1izEP1r4mRSI7-jJ4gp7vsT0iY/view?usp=drive_link,,,,
nc0108,Faseimi quatri fritulis,Maria Moro,15 novembre 1969,Canto popolare carnico - Priola,Canto popolare carnico - Priola,Priola (UD),129.59.00,176.43.00,Collezione privata di Valter Colle,NC-01-08,Audio,AIF Audio File (VLC),friulano,"Diritti da verificare con il titolare della registrazione; utilizzo consentito esclusivamente per finalità di ricerca, previa autorizzazione.",In Copyright – Rights-Holder(s) Unlocatable or Unresponsive,audio,https://drive.google.com/file/d/1yQikgz1YK3XKQMsetmkGhGf5jKYone30/view?usp=drive_link,,,,
nc0109,O concetta immacolata,Maria Moro; Regina Chiapolino,15 novembre 1969,Canto popolare carnico - Priola,Canto popolare carnico - Priola,Priola (UD),129.59.00,176.43.00,Collezione privata di Valter Colle,NC-01-09,Audio,AIF Audio File (VLC),friulano,"Diritti da verificare con il titolare della registrazione; utilizzo consentito esclusivamente per finalità di ricerca, previa autorizzazione.",In Copyright – Rights-Holder(s) Unlocatable or Unresponsive,audio,https://drive.google.com/file/d/1muNm26dYfYLgi5dAZ9v8UUPvI0HM5X3d/view?usp=drive_link,,,,
nc0110,Puer natus in Bethlem,Maria Moro; Regina Chiapolino,15 novembre 1969,Canto popolare carnico - Priola,Canto popolare carnico - Priola,Priola (UD),129.59.00,176.43.00,Collezione privata di Valter Colle,NC-01-10,Audio,AIF Audio File (VLC),friulano,"Diritti da verificare con il titolare della registrazione; utilizzo consentito esclusivamente per finalità di ricerca, previa autorizzazione.",In Copyright – Rights-Holder(s) Unlocatable or Unresponsive,audio,https://drive.google.com/file/d/1DCXElIQsZT-hHB13uiGqgvJhgd7Dy1hd/view?usp=drive_link,,,,
nc0111,Oj assassine praduline!,,,Canto popolare carnico - Priola,Canto popolare carnico - Priola,Priola (UD),129.59.00,176.43.00,Collezione privata di Valter Colle,NC-01-11,Audio,AIF Audio File (VLC),friulano,"Diritti da verificare con il titolare della registrazione; utilizzo consentito esclusivamente per finalità di ricerca, previa autorizzazione.",In Copyright – Rights-Holder(s) Unlocatable or Unresponsive,audio,https://drive.google.com/file/d/1m2cwbOW7G-LkLhuUKExLJYlZO_lMroEF/view?usp=drive_link,,,,
nc0112,Rosario + Santa Maria,Maria Moro; Regina Chiapolino; Silvia Moro; Caterina Moro,16 maggio 1970,Canto popolare carnico - Priola,Canto popolare carnico - Priola,Priola (UD),129.59.00,176.43.00,Collezione privata di Valter Colle,NC-01-12,Audio,AIF Audio File (VLC),friulano,"Diritti da verificare con il titolare della registrazione; utilizzo consentito esclusivamente per finalità di ricerca, previa autorizzazione.",In Copyright – Rights-Holder(s) Unlocatable or Unresponsive,audio,https://drive.google.com/file/d/1Q5C8dMcVfe7byzTGAuyn28-vMKHCPWpz/view?usp=drive_link,,,,
nc0113,Amabile Maria,Maria Moro; Regina Chiapolino; Silvia Moro; Caterina Moro,16 maggio 1970,Canto popolare carnico - Priola,Canto popolare carnico - Priola,Priola (UD),129.59.00,176.43.00,Collezione privata di Valter Colle,NC-01-13,Audio,AIF Audio File (VLC),friulano,"Diritti da verificare con il titolare della registrazione; utilizzo consentito esclusivamente per finalità di ricerca, previa autorizzazione.",In Copyright – Rights-Holder(s) Unlocatable or Unresponsive,audio,https://drive.google.com/file/d/1PTuChKKfWxl5LLGHefSe5ue3jm199pv9/view?usp=drive_link,,,,
nc0114,Per andare a Roma,Maria Moro; Regina Chiapolino; Silvia Moro; Caterina Moro,16 maggio 1970,Canto popolare carnico - Priola,Canto popolare carnico - Priola,Priola (UD),129.59.00,176.43.00,Collezione privata di Valter Colle,NC-01-14,Audio,AIF Audio File (VLC),friulano,"Diritti da verificare con il titolare della registrazione; utilizzo consentito esclusivamente per finalità di ricerca, previa autorizzazione.",In Copyright – Rights-Holder(s) Unlocatable or Unresponsive,audio,https://drive.google.com/file/d/1UZfORDnXbW_XZyMrocGf3QXSbX6QucOa/view?usp=drive_link,,,,
nc0115,La bella Margherita,Maria Moro; Regina Chiapolino; Silvia Moro; Caterina Moro,16 maggio 1970,Canto popolare carnico - Priola,Canto popolare carnico - Priola,Priola (UD),129.59.00,176.43.00,Collezione privata di Valter Colle,NC-01-15,Audio,AIF Audio File (VLC),friulano,"Diritti da verificare con il titolare della registrazione; utilizzo consentito esclusivamente per finalità di ricerca, previa autorizzazione.",In Copyright – Rights-Holder(s) Unlocatable or Unresponsive,audio,https://drive.google.com/file/d/1Iz-QhoyzDuahWwN-arZyAOWQsdR4qEuU/view?usp=drive_link,,,,
nc0116,E la figlia del bacan,Maria Moro; Regina Chiapolino; Silvia Moro; Caterina Moro,16 maggio 1970,Canto popolare carnico - Priola,Canto popolare carnico - Priola,Priola (UD),129.59.00,176.43.00,Collezione privata di Valter Colle,NC-01-16,Audio,AIF Audio File (VLC),friulano,"Diritti da verificare con il titolare della registrazione; utilizzo consentito esclusivamente per finalità di ricerca, previa autorizzazione.",In Copyright – Rights-Holder(s) Unlocatable or Unresponsive,audio,https://drive.google.com/file/d/1lkr_QavspYmiYD-hARMtsGhDQcckV_uL/view?usp=drive_link,,,,
nc0117,E la bella si mise in strada,Maria Moro; Regina Chiapolino; Silvia Moro; Caterina Moro,16 maggio 1970,Canto popolare carnico - Priola,Canto popolare carnico - Priola,Priola (UD),129.59.00,176.43.00,Collezione privata di Valter Colle,NC-01-17,Audio,AIF Audio File (VLC),friulano,"Diritti da verificare con il titolare della registrazione; utilizzo consentito esclusivamente per finalità di ricerca, previa autorizzazione.",In Copyright – Rights-Holder(s) Unlocatable or Unresponsive,audio,https://drive.google.com/file/d/1enbfjqKA_wY49x99z-l_nek63j41OaLV/view?usp=drive_link,,,,
nc0118,La povera Cecilia,Maria Moro; Regina Chiapolino; Silvia Moro; Caterina Moro,16 maggio 1970,Canto popolare carnico - Priola,Canto popolare carnico - Priola,Priola (UD),129.59.00,176.43.00,Collezione privata di Valter Colle,NC-01-18,Audio,AIF Audio File (VLC),friulano,"Diritti da verificare con il titolare della registrazione; utilizzo consentito esclusivamente per finalità di ricerca, previa autorizzazione.",In Copyright – Rights-Holder(s) Unlocatable or Unresponsive,audio,https://drive.google.com/file/d/1-cnwzH4gvC9mXDuxD5fs94rVe_N14Iwl/view?usp=drive_link,,,,
nc0119,La più bela de Rovigno,Maria Moro,16 maggio 1970,Canto popolare carnico - Priola,Canto popolare carnico - Priola,Priola (UD),129.59.00,176.43.00,Collezione privata di Valter Colle,NC-01-19,Audio,AIF Audio File (VLC),friulano,"Diritti da verificare con il titolare della registrazione; utilizzo consentito esclusivamente per finalità di ricerca, previa autorizzazione.",In Copyright – Rights-Holder(s) Unlocatable or Unresponsive,audio,https://drive.google.com/file/d/1Z4ItTbNfqR78aF_arXOY4s4mSNyhzVqg/view?usp=drive_link,,,,
nc0120,Faissi fûr fantats di Vile,Maria Moro; Regina Chiapolino; Silvia Moro; Caterina Moro,16 maggio 1970,Canto popolare carnico - Priola,Canto popolare carnico - Priola,Priola (UD),129.59.00,176.43.00,Collezione privata di Valter Colle,NC-01-20,Audio,AIF Audio File (VLC),friulano,"Diritti da verificare con il titolare della registrazione; utilizzo consentito esclusivamente per finalità di ricerca, previa autorizzazione.",In Copyright – Rights-Holder(s) Unlocatable or Unresponsive,audio,https://drive.google.com/file/d/1gLiPAAq7ROHyfQjyETiX1twEjSU5lCkm/view?usp=drive_link,,,,
nc0121,E su su sun chel Sanpieri,Maria Moro; Regina Chiapolino; Silvia Moro; Caterina Moro,16 maggio 1970,Canto popolare carnico - Priola,Canto popolare carnico - Priola,Priola (UD),129.59.00,176.43.00,Collezione privata di Valter Colle,NC-01-21,Audio,AIF Audio File (VLC),friulano,"Diritti da verificare con il titolare della registrazione; utilizzo consentito esclusivamente per finalità di ricerca, previa autorizzazione.",In Copyright – Rights-Holder(s) Unlocatable or Unresponsive,audio,https://drive.google.com/file/d/1FGTtCAKJW4lQFzbVVHWmL53ybr5x-iaf/view?usp=drive_link,,,,
nc0122,Fol issai fol istrai,Maria Moro; Regina Chiapolino; Silvia Moro; Caterina Moro,16 maggio 1970,Canto popolare carnico - Priola,Canto popolare carnico - Priola,Priola (UD),129.59.00,176.43.00,Collezione privata di Valter Colle,NC-01-22,Audio,AIF Audio File (VLC),friulano,"Diritti da verificare con il titolare della registrazione; utilizzo consentito esclusivamente per finalità di ricerca, previa autorizzazione.",In Copyright – Rights-Holder(s) Unlocatable or Unresponsive,audio,https://drive.google.com/file/d/1-93irhIrAXee5Q0heyzCuk9BkW_u7yk1/view?usp=drive_link,,,,
nc0123,E Prioule no je une vile,Maria Moro; Regina Chiapolino; Silvia Moro; Caterina Moro,16 maggio 1970,Canto popolare carnico - Priola,Canto popolare carnico - Priola,Priola (UD),129.59.00,176.43.00,Collezione privata di Valter Colle,NC-01-23,Audio,AIF Audio File (VLC),friulano,"Diritti da verificare con il titolare della registrazione; utilizzo consentito esclusivamente per finalità di ricerca, previa autorizzazione.",In Copyright – Rights-Holder(s) Unlocatable or Unresponsive,audio,https://drive.google.com/file/d/1AIKFfZxr3oPdU3kL_HVkfx_Wlafka-Ok/view?usp=drive_link,,,,
nc0201,Oggi è quel giorno Santo,Maria Casanova in Barbacetto,12 agosto 1968,Canto popolare carnico - Zovello,Canto popolare carnico - Zovello,Zovello,134.12.00,170.14.00,Collezione privata di Valter Colle,,Audio,AIF Audio File (VLC),friulano,"Diritti da verificare con il titolare della registrazione; utilizzo consentito esclusivamente per finalità di ricerca, previa autorizzazione.",In Copyright – Rights-Holder(s) Unlocatable or Unresponsive,audio,https://drive.google.com/file/d/1D7gbguL6_-LnhtB88eQmbZJEGKp_GW3P/view?usp=drive_link,,,,
nc0202,Auguri seguiti a canto epifanico,Maria Casanova in Barbacetto,12 agosto 1968,Canto popolare carnico - Zovello,Canto popolare carnico - Zovello,Zovello,134.12.00,170.14.00,Collezione privata di Valter Colle,,Audio,AIF Audio File (VLC),friulano,"Diritti da verificare con il titolare della registrazione; utilizzo consentito esclusivamente per finalità di ricerca, previa autorizzazione.",In Copyright – Rights-Holder(s) Unlocatable or Unresponsive,audio,https://drive.google.com/file/d/1gcVLBg9Kr0tAEDgWTzUpcsLd5uMjY54j/view?usp=drive_link,,,,
nc0203,questo è un cjant a la Madone,Maria Casanova in Barbacetto,12 agosto 1968,Canto popolare carnico - Zovello,Canto popolare carnico - Zovello,Zovello,134.12.00,170.14.00,Collezione privata di Valter Colle,,Audio,AIF Audio File (VLC),friulano,"Diritti da verificare con il titolare della registrazione; utilizzo consentito esclusivamente per finalità di ricerca, previa autorizzazione.",In Copyright – Rights-Holder(s) Unlocatable or Unresponsive,audio,https://drive.google.com/file/d/1DeP3GAnPXIffp6n4ywo5A3F_ZY8w2g1W/view?usp=drive_link,,,,
nc0204,Là su in cîl,Maria Casanova in Barbacetto,12 agosto 1968,Canto popolare carnico - Zovello,Canto popolare carnico - Zovello,Zovello,134.12.00,170.14.00,Collezione privata di Valter Colle,,Audio,AIF Audio File (VLC),friulano,"Diritti da verificare con il titolare della registrazione; utilizzo consentito esclusivamente per finalità di ricerca, previa autorizzazione.",In Copyright – Rights-Holder(s) Unlocatable or Unresponsive,audio,https://drive.google.com/file/d/1Gt5KO0op9PEqdpYZ42kUY1j-aqk7ZUnj/view?usp=drive_link,,,,
nc0205,Chel rinçot par sore al voli,Maria Casanova in Barbacetto,12 agosto 1968,Canto popolare carnico - Zovello,Canto popolare carnico - Zovello,Zovello,134.12.00,170.14.00,Collezione privata di Valter Colle,,Audio,AIF Audio File (VLC),friulano,"Diritti da verificare con il titolare della registrazione; utilizzo consentito esclusivamente per finalità di ricerca, previa autorizzazione.",In Copyright – Rights-Holder(s) Unlocatable or Unresponsive,audio,https://drive.google.com/file/d/1Bz6koWpA6RJPa7L-975juRQL8HGm8yni/view?usp=drive_link,,,,
nc0206,O bella mia speranza,Maria Casanova in Barbacetto,12 agosto 1968,Canto popolare carnico - Zovello,Canto popolare carnico - Zovello,Zovello,134.12.00,170.14.00,Collezione privata di Valter Colle,,Audio,AIF Audio File (VLC),friulano,"Diritti da verificare con il titolare della registrazione; utilizzo consentito esclusivamente per finalità di ricerca, previa autorizzazione.",In Copyright – Rights-Holder(s) Unlocatable or Unresponsive,audio,https://drive.google.com/file/d/1YJXIN7DX1lbxrESlnVpmKkIomEWePiao/view?usp=drive_link,,,,
nc0207,Amabile Maria,Maria Casanova in Barbacetto,12 agosto 1968,Canto popolare carnico - Zovello,Canto popolare carnico - Zovello,Zovello,134.12.00,170.14.00,Collezione privata di Valter Colle,,Audio,AIF Audio File (VLC),friulano,"Diritti da verificare con il titolare della registrazione; utilizzo consentito esclusivamente per finalità di ricerca, previa autorizzazione.",In Copyright – Rights-Holder(s) Unlocatable or Unresponsive,audio,https://drive.google.com/file/d/17HlmTtNPBxqIsJ_mmgE8pj3Z0DBYLfTW/view?usp=drive_link,,,,
nc0208,Orazione per il primo giorno di Quaresima,Maria Casanova in Barbacetto,12 agosto 1968,Canto popolare carnico - Zovello,Canto popolare carnico - Zovello,Zovello,134.12.00,170.14.00,Collezione privata di Valter Colle,,Audio,AIF Audio File (VLC),friulano,"Diritti da verificare con il titolare della registrazione; utilizzo consentito esclusivamente per finalità di ricerca, previa autorizzazione.",In Copyright – Rights-Holder(s) Unlocatable or Unresponsive,audio,https://drive.google.com/file/d/1CNyQ3Gna05cSOoXynsbGmvf8WJk5zqyu/view?usp=drive_link,,,,
nc0209,"Dormi, non piangere",Elena Barbacetto in Barbacetto,12 agosto 1968,Canto popolare carnico - Zovello,Canto popolare carnico - Zovello,Zovello,134.12.00,170.14.00,Collezione privata di Valter Colle,,Audio,AIF Audio File (VLC),friulano,"Diritti da verificare con il titolare della registrazione; utilizzo consentito esclusivamente per finalità di ricerca, previa autorizzazione.",In Copyright – Rights-Holder(s) Unlocatable or Unresponsive,audio,https://drive.google.com/file/d/1y1aGMangI7pLBWy_AsZKS5Zy_qWHgq9T/view?usp=drive_link,,,,
nc0210,"Antonio, santo miracoloso",Elena Barbacetto in Barbacetto,12 agosto 1968,Canto popolare carnico - Zovello,Canto popolare carnico - Zovello,Zovello,134.12.00,170.14.00,Collezione privata di Valter Colle,,Audio,AIF Audio File (VLC),friulano,"Diritti da verificare con il titolare della registrazione; utilizzo consentito esclusivamente per finalità di ricerca, previa autorizzazione.",In Copyright – Rights-Holder(s) Unlocatable or Unresponsive,audio,https://drive.google.com/file/d/15jLBnTPIVE8EjRWAUNlc2LhkZsARwVmx/view?usp=drive_link,,,,
nc0211,Nana nana pupin,Ido Barbacetto,12 agosto 1968,Canto popolare carnico - Zovello,Canto popolare carnico - Zovello,Zovello,134.12.00,170.14.00,Collezione privata di Valter Colle,,Audio,AIF Audio File (VLC),friulano,"Diritti da verificare con il titolare della registrazione; utilizzo consentito esclusivamente per finalità di ricerca, previa autorizzazione.",In Copyright – Rights-Holder(s) Unlocatable or Unresponsive,audio,https://drive.google.com/file/d/1gDmF2wHLFS6hl4BNeFM3WMNb7xEVBdAx/view?usp=drive_link,,,,
nc0212,Simpri simpri jote frede,Ido Barbacetto ,12 agosto 1968,Canto popolare carnico - Zovello,Canto popolare carnico - Zovello,Zovello,134.12.00,170.14.00,Collezione privata di Valter Colle,,Audio,AIF Audio File (VLC),friulano,"Diritti da verificare con il titolare della registrazione; utilizzo consentito esclusivamente per finalità di ricerca, previa autorizzazione.",In Copyright – Rights-Holder(s) Unlocatable or Unresponsive,audio,https://drive.google.com/file/d/17DS09oqBJxyKUJ3f9IrPx1Lc29utrdSC/view?usp=drive_link,,,,
nc0213,Inno a Sant'Antonio,Angelina Dipiazza,13 agosto 1968,Canto popolare carnico - Tualis,Canto popolare carnico - Tualis,Tualis,134.44.00,158.48.00,Collezione privata di Valter Colle,,Audio,AIF Audio File (VLC),friulano,"Diritti da verificare con il titolare della registrazione; utilizzo consentito esclusivamente per finalità di ricerca, previa autorizzazione.",In Copyright – Rights-Holder(s) Unlocatable or Unresponsive,audio,https://drive.google.com/file/d/1raajQZHO_qkwnLg3vO-xA6fHSzjOIKAj/view?usp=drive_link,,,,
nc0214,O dei miracoli inclito santo,Angelica Dipiazza,13 agosto 1968,Canto popolare carnico - Tualis,Canto popolare carnico - Tualis,Tualis,134.44.00,158.48.00,Collezione privata di Valter Colle,,Audio,AIF Audio File (VLC),friulano,"Diritti da verificare con il titolare della registrazione; utilizzo consentito esclusivamente per finalità di ricerca, previa autorizzazione.",In Copyright – Rights-Holder(s) Unlocatable or Unresponsive,audio,https://drive.google.com/file/d/1K1s_kUm0tsi2jrGbnZ-qT8v1V2IPxSTU/view?usp=drive_link,,,,
nc0215,Ioi se biel lusor di lune!,Angelica Dipiazza,13 agosto 1968,Canto popolare carnico - Tualis,Canto popolare carnico - Tualis,Tualis,134.44.00,158.48.00,Collezione privata di Valter Colle,,Audio,AIF Audio File (VLC),friulano,"Diritti da verificare con il titolare della registrazione; utilizzo consentito esclusivamente per finalità di ricerca, previa autorizzazione.",In Copyright – Rights-Holder(s) Unlocatable or Unresponsive,audio,https://drive.google.com/file/d/1y6tVfZf9qmJ2dCDC3sUZds3Gf1vxLuWE/view?usp=drive_link,,,,
nc0216,Io soi di Sitiet,Angelica Dipiazza,13 agosto 1968,Canto popolare carnico - Tualis,Canto popolare carnico - Tualis,Tualis,134.44.00,158.48.00,Collezione privata di Valter Colle,,Audio,AIF Audio File (VLC),friulano,"Diritti da verificare con il titolare della registrazione; utilizzo consentito esclusivamente per finalità di ricerca, previa autorizzazione.",In Copyright – Rights-Holder(s) Unlocatable or Unresponsive,audio,https://drive.google.com/file/d/1xx-42MhactJ0o1JgegiANfC8nS_lvoNm/view?usp=drive_link,,,,
nc0217,Il cjapiel al à da bulo,Angelica Dipiazza,13 agosto 1968,Canto popolare carnico - Tualis,Canto popolare carnico - Tualis,Tualis,134.44.00,158.48.00,Collezione privata di Valter Colle,,Audio,AIF Audio File (VLC),friulano,"Diritti da verificare con il titolare della registrazione; utilizzo consentito esclusivamente per finalità di ricerca, previa autorizzazione.",In Copyright – Rights-Holder(s) Unlocatable or Unresponsive,audio,https://drive.google.com/file/d/1yXk3j-e8nf39HW7wQIeJwc3-1oF3JM0P/view?usp=drive_link,,,,
nc0218,"O durmiso, o vegliaiso",Angelica Dipiazza,13 agosto 1968,Canto popolare carnico - Tualis,Canto popolare carnico - Tualis,Tualis,134.44.00,158.48.00,Collezione privata di Valter Colle,,Audio,AIF Audio File (VLC),friulano,"Diritti da verificare con il titolare della registrazione; utilizzo consentito esclusivamente per finalità di ricerca, previa autorizzazione.",In Copyright – Rights-Holder(s) Unlocatable or Unresponsive,audio,https://drive.google.com/file/d/15GJPj1SV1oSEnbdvpyPsEt3pgb4vYNJI/view?usp=drive_link,,,,
nc0219,Un cjant a la nuvice,Fiorina e Carla Dipiazza,10 agosto 1966,Canto popolare carnico - Tualis,Canto popolare carnico - Tualis,Tualis,134.44.00,158.48.00,Collezione privata di Valter Colle,,Audio,AIF Audio File (VLC),friulano,"Diritti da verificare con il titolare della registrazione; utilizzo consentito esclusivamente per finalità di ricerca, previa autorizzazione.",In Copyright – Rights-Holder(s) Unlocatable or Unresponsive,audio,https://drive.google.com/file/d/1t9QQCqPdHTcoL5KUSjUhRcfiO6bR5_Zu/view?usp=drive_link,,,,
nc0220,E son tre dis ch'jo i puarti aghe,Fiorina e Carla Dipiazza,10 agosto 1966,Canto popolare carnico - Tualis,Canto popolare carnico - Tualis,Tualis,134.44.00,158.48.00,Collezione privata di Valter Colle,,Audio,AIF Audio File (VLC),friulano,"Diritti da verificare con il titolare della registrazione; utilizzo consentito esclusivamente per finalità di ricerca, previa autorizzazione.",In Copyright – Rights-Holder(s) Unlocatable or Unresponsive,audio,https://drive.google.com/file/d/159sOWP9umZe6iU8-r0A5l_DGM9ji0JEh/view?usp=drive_link,,,,
nc0221,"No vai tu, personine",Fiorina e Carla Dipiazza,10 agosto 1966,Canto popolare carnico - Tualis,Canto popolare carnico - Tualis,Tualis,134.44.00,158.48.00,Collezione privata di Valter Colle,,Audio,AIF Audio File (VLC),friulano,"Diritti da verificare con il titolare della registrazione; utilizzo consentito esclusivamente per finalità di ricerca, previa autorizzazione.",In Copyright – Rights-Holder(s) Unlocatable or Unresponsive,audio,https://drive.google.com/file/d/1b9qE3sRZqVBtcerNHeAhwpuEKOUF7zwD/view?usp=drive_link,,,,
nc0222,Duc mi disin che no ai morosis,Fiorina e Carla Dipiazza,10 agosto 1966,Canto popolare carnico - Tualis,Canto popolare carnico - Tualis,Tualis,134.44.00,158.48.00,Collezione privata di Valter Colle,,Audio,AIF Audio File (VLC),friulano,"Diritti da verificare con il titolare della registrazione; utilizzo consentito esclusivamente per finalità di ricerca, previa autorizzazione.",In Copyright – Rights-Holder(s) Unlocatable or Unresponsive,audio,https://drive.google.com/file/d/1PbWBcNWv_Ffd7ajWbhWbbUJBy46PENGR/view?usp=drive_link,,,,
nc0223,Lait a rosis in montagne,Fiorina e Carla Dipiazza,10 agosto 1966,Canto popolare carnico - Tualis,Canto popolare carnico - Tualis,Tualis,134.44.00,158.48.00,Collezione privata di Valter Colle,,Audio,AIF Audio File (VLC),friulano,"Diritti da verificare con il titolare della registrazione; utilizzo consentito esclusivamente per finalità di ricerca, previa autorizzazione.",In Copyright – Rights-Holder(s) Unlocatable or Unresponsive,audio,https://drive.google.com/file/d/1v92htwuzdYrp9ldk3CM9iKNSRpH6am4G/view?usp=drive_link,,,,
nc0224,Quand ch'jo fui sot Givijano,Fiorina e Carla Dipiazza,10 agosto 1966,Canto popolare carnico - Tualis,Canto popolare carnico - Tualis,Tualis,134.44.00,158.48.00,Collezione privata di Valter Colle,,Audio,AIF Audio File (VLC),friulano,"Diritti da verificare con il titolare della registrazione; utilizzo consentito esclusivamente per finalità di ricerca, previa autorizzazione.",In Copyright – Rights-Holder(s) Unlocatable or Unresponsive,audio,https://drive.google.com/file/d/1JUEu1h5AjXzlNKfG7BzKREaaF7gS__IK/view?usp=drive_link,,,,
nc0225,E velu là,Fiorina e Carla Dipiazza,10 agosto 1966,Canto popolare carnico - Tualis,Canto popolare carnico - Tualis,Tualis,134.44.00,158.48.00,Collezione privata di Valter Colle,,Audio,AIF Audio File (VLC),friulano,"Diritti da verificare con il titolare della registrazione; utilizzo consentito esclusivamente per finalità di ricerca, previa autorizzazione.",In Copyright – Rights-Holder(s) Unlocatable or Unresponsive,audio,https://drive.google.com/file/d/1CU_oicizpt3vFc_mPHwwyByL4xlp_4KU/view?usp=drive_link,,,,
nc0226,"ven chi, signor, chel pan",Fiorina e Carla Dipiazza,10 agosto 1966,Canto popolare carnico - Tualis,Canto popolare carnico - Tualis,Tualis,134.44.00,158.48.00,Collezione privata di Valter Colle,,Audio,AIF Audio File (VLC),friulano,"Diritti da verificare con il titolare della registrazione; utilizzo consentito esclusivamente per finalità di ricerca, previa autorizzazione.",In Copyright – Rights-Holder(s) Unlocatable or Unresponsive,audio,https://drive.google.com/file/d/1ljpEkxlKXypnobMmlnbml4P7s15JETyB/view?usp=drive_link,,,,
nc0227,Quand ch'i passi oltre Mieli,,10 agosto 1966,Canto popolare carnico - Noiaretto,Canto popolare carnico - Noiaretto,Noiaretto,134.39.00,158.31.00,Collezione privata di Valter Colle,,Audio,AIF Audio File (VLC),friulano,"Diritti da verificare con il titolare della registrazione; utilizzo consentito esclusivamente per finalità di ricerca, previa autorizzazione.",In Copyright – Rights-Holder(s) Unlocatable or Unresponsive,audio,https://drive.google.com/file/d/1dQHiEWMXJ_r8mB7fiZGQnEKzU24yfx57/view?usp=drive_link,,,,
nc0228,Quand ch'i passi oltre Mieli,,10 agosto 1966,Canto popolare carnico - Noiaretto,Canto popolare carnico - Noiaretto,Noiaretto,134.39.00,158.31.00,Collezione privata di Valter Colle,,Audio,AIF Audio File (VLC),friulano,"Diritti da verificare con il titolare della registrazione; utilizzo consentito esclusivamente per finalità di ricerca, previa autorizzazione.",In Copyright – Rights-Holder(s) Unlocatable or Unresponsive,audio,https://drive.google.com/file/d/15ttA1LWJHnJ6vONz4QffYiL1Swf7ZnPN/view?usp=drive_link,,,,
nc0229,Chel gri-gri sun che busute,,10 agosto 1966,Canto popolare carnico - Noiaretto,Canto popolare carnico - Noiaretto,Noiaretto,134.39.00,158.31.00,Collezione privata di Valter Colle,,Audio,AIF Audio File (VLC),friulano,"Diritti da verificare con il titolare della registrazione; utilizzo consentito esclusivamente per finalità di ricerca, previa autorizzazione.",In Copyright – Rights-Holder(s) Unlocatable or Unresponsive,audio,https://drive.google.com/file/d/1LLD-p3398HHoEhDRKfbMmveGMNTFeaL3/view?usp=drive_link,,,,
nc0230,E le stat la me rovine de la me gioventut,,,Canto popolare carnico ,Canto popolare carnico ,,,,Collezione privata di Valter Colle,,Audio,AIF Audio File (VLC),friulano,"Diritti da verificare con il titolare della registrazione; utilizzo consentito esclusivamente per finalità di ricerca, previa autorizzazione.",In Copyright – Rights-Holder(s) Unlocatable or Unresponsive,audio,https://drive.google.com/file/d/1gTXynTOTrwTeChCnsl6V6fBcbhW2jdQ8/view?usp=drive_link,,,,
nc0231,O bella mia speranza,Don Luciano Devora,,Canto popolare carnico - Ravascletto,Canto popolare carnico - Ravascletto,Ravascletto,133.19.00,165.51.00,Collezione privata di Valter Colle,,Audio,AIF Audio File (VLC),friulano,"Diritti da verificare con il titolare della registrazione; utilizzo consentito esclusivamente per finalità di ricerca, previa autorizzazione.",In Copyright – Rights-Holder(s) Unlocatable or Unresponsive,audio,https://drive.google.com/file/d/1Zd-smFAPmxIOTkQUURmKkrwrA3Tj1Jhd/view?usp=drive_link,,,,
nc0232,No no in che culine,Maria Casanova in Barbacetto,14 agosto 66,Canto popolare carnico - Ravascletto,Canto popolare carnico - Ravascletto,Ravascletto,133.19.00,165.51.00,Collezione privata di Valter Colle,,Audio,AIF Audio File (VLC),friulano,"Diritti da verificare con il titolare della registrazione; utilizzo consentito esclusivamente per finalità di ricerca, previa autorizzazione.",In Copyright – Rights-Holder(s) Unlocatable or Unresponsive,audio,https://drive.google.com/file/d/1-GrAmUnGLQByO-VMGodfJ6BjWfKIMmjA/view?usp=drive_link,,,,
nc0233,Rarà chei da Mieli,Maria Casanova in Barbacetto,14 agosto 66,Canto popolare carnico - Ravascletto,Canto popolare carnico - Ravascletto,Ravascletto,133.19.00,165.51.00,Collezione privata di Valter Colle,,Audio,AIF Audio File (VLC),friulano,"Diritti da verificare con il titolare della registrazione; utilizzo consentito esclusivamente per finalità di ricerca, previa autorizzazione.",In Copyright – Rights-Holder(s) Unlocatable or Unresponsive,audio,https://drive.google.com/file/d/1vzSYTyxmmMvWJTEzT2BQhsC1a89Tih4h/view?usp=drive_link,,,,
nc0234,Lodate Maria,Celesta Della Pietra,1968,Canto popolare carnico - Zovello,Canto popolare carnico - Zovello,Zovello,134.12.00,170.14.00,Collezione privata di Valter Colle,,Audio,AIF Audio File (VLC),friulano,"Diritti da verificare con il titolare della registrazione; utilizzo consentito esclusivamente per finalità di ricerca, previa autorizzazione.",In Copyright – Rights-Holder(s) Unlocatable or Unresponsive,audio,https://drive.google.com/file/d/1lGP7_3CKlVWRBA1nIzxu_F37hKuTu_8y/view?usp=drive_link,,,,
nc0235,Une scriulade,Maria Morassi,,Canto popolare carnico - Zovello,Canto popolare carnico - Zovello,Zovello,134.12.00,170.14.00,Collezione privata di Valter Colle,,Audio,AIF Audio File (VLC),friulano,"Diritti da verificare con il titolare della registrazione; utilizzo consentito esclusivamente per finalità di ricerca, previa autorizzazione.",In Copyright – Rights-Holder(s) Unlocatable or Unresponsive,audio,https://drive.google.com/file/d/15ATTfqUuRw7pkudzS1otNvPj1XmZ_CMP/view?usp=drive_link,,,,
nc0236,A Santa Margarita da Cortona,Franco Dain,,Canto popolare carnico - Cercivento,Canto popolare carnico - Cercivento,Cercivento,133.53.00,176.52.00,Collezione privata di Valter Colle,,Audio,AIF Audio File (VLC),friulano,"Diritti da verificare con il titolare della registrazione; utilizzo consentito esclusivamente per finalità di ricerca, previa autorizzazione.",In Copyright – Rights-Holder(s) Unlocatable or Unresponsive,audio,https://drive.google.com/file/d/1ZglvgRWcmlY4uFUvSpN6XobAiYVNjgOX/view?usp=drive_link,,,,
nc0237,Canzone di tre res magios,,,Canto popolare carnico - Zovello,Canto popolare carnico - Zovello,Zovello,134.12.00,170.14.00,Collezione privata di Valter Colle,,Audio,AIF Audio File (VLC),friulano,"Diritti da verificare con il titolare della registrazione; utilizzo consentito esclusivamente per finalità di ricerca, previa autorizzazione.",In Copyright – Rights-Holder(s) Unlocatable or Unresponsive,audio,https://drive.google.com/file/d/1VZMTgq16u-iR48D258x7GrgJUge1HztE/view?usp=drive_link,,,,