objectid,title,creator,date,description,subject,location,latitude,longitude,source,identifier,type,format,language,rights,rightsstatement,display_template,object_location,link_google_drive,image_small,image_thumb,image_alt_text,object_transcript
nc0101,Come la gnot di vinars sant,Maria Moro; Regina Chiapolino,15 novembre 1969,Canto popolare carnico - Priola,Canto popolare carnico - Priola,Priola (UD),46.503959,12.988451,Collezione privata di Valter Colle,nc0101,Audio,AIF Audio File (VLC),friulano,"Diritti da verificare con il titolare della registrazione; utilizzo consentito esclusivamente per finalità di ricerca, previa autorizzazione.",In Copyright – Rights-Holder(s) Unlocatable or Unresponsive,audio,assets/objects/nc0101,https://drive.google.com/file/d/1x0oe4U5n_v_9G6S4X47w7xHCGlX927dB/view?usp=drive_link,,,,
nc0102,Fâit in su su che bançute,Maria Moro; Regina Chiapolino,15 novembre 1969,Canto popolare carnico - Priola,Canto popolare carnico - Priola,Priola (UD),46.503959,12.988451,Collezione privata di Valter Colle,nc0102,Audio,AIF Audio File (VLC),friulano,"Diritti da verificare con il titolare della registrazione; utilizzo consentito esclusivamente per finalità di ricerca, previa autorizzazione.",In Copyright – Rights-Holder(s) Unlocatable or Unresponsive,audio,assets/objects/nc0102,https://drive.google.com/file/d/1OoVJOaO6wX_cUwPQbdtT3f1qEJMIXcTw/view?usp=drive_link,,,,
nc0103,Cui spietaiso preolanis,Maria Moro; Regina Chiapolino,15 novembre 1969,Canto popolare carnico - Priola,Canto popolare carnico - Priola,Priola (UD),46.503959,12.988451,Collezione privata di Valter Colle,nc0103,Audio,AIF Audio File (VLC),friulano,"Diritti da verificare con il titolare della registrazione; utilizzo consentito esclusivamente per finalità di ricerca, previa autorizzazione.",In Copyright – Rights-Holder(s) Unlocatable or Unresponsive,audio,assets/objects/nc0103,https://drive.google.com/file/d/1mEU37eExUH6RyIORzTvWxzPgmWE8jgyO/view?usp=drive_link,,,,
nc0104,Lis fantatis preolanis,Maria Moro; Regina Chiapolino,15 novembre 1969,Canto popolare carnico - Priola,Canto popolare carnico - Priola,Priola (UD),46.503959,12.988451,Collezione privata di Valter Colle,nc0104,Audio,AIF Audio File (VLC),friulano,"Diritti da verificare con il titolare della registrazione; utilizzo consentito esclusivamente per finalità di ricerca, previa autorizzazione.",In Copyright – Rights-Holder(s) Unlocatable or Unresponsive,audio,assets/objects/nc0104,https://drive.google.com/file/d/1oYilIII1dBYcJpLZIc6eVXKRePqeCXsu/view?usp=drive_link,,,,
nc0105,O voi cir pietôs di stelis,Maria Moro; Regina Chiapolino,15 novembre 1969,Canto popolare carnico - Priola,Canto popolare carnico - Priola,Priola (UD),46.503959,12.988451,Collezione privata di Valter Colle,nc0105,Audio,AIF Audio File (VLC),friulano,"Diritti da verificare con il titolare della registrazione; utilizzo consentito esclusivamente per finalità di ricerca, previa autorizzazione.",In Copyright – Rights-Holder(s) Unlocatable or Unresponsive,audio,assets/objects/nc0105,https://drive.google.com/file/d/1JWwtvyNZ9kEo1dGlKykJjacv6Ru-glhN/view?usp=drive_link,,,,
nc0106,Tuntrine tuntraine,Maria Moro; Regina Chiapolino,15 novembre 1969,Canto popolare carnico - Priola,Canto popolare carnico - Priola,Priola (UD),46.503959,12.988451,Collezione privata di Valter Colle,nc0106,Audio,AIF Audio File (VLC),friulano,"Diritti da verificare con il titolare della registrazione; utilizzo consentito esclusivamente per finalità di ricerca, previa autorizzazione.",In Copyright – Rights-Holder(s) Unlocatable or Unresponsive,audio,assets/objects/nc0106,https://drive.google.com/file/d/1OnCi4L1a4XSfpRqYoqdm_MOJBpM9MdvN/view?usp=drive_link,,,,
nc0107,Oi ninâ,Maria Moro,15 novembre 1969,Canto popolare carnico - Priola,Canto popolare carnico - Priola,Priola (UD),46.503959,12.988451,Collezione privata di Valter Colle,nc0107,Audio,AIF Audio File (VLC),friulano,"Diritti da verificare con il titolare della registrazione; utilizzo consentito esclusivamente per finalità di ricerca, previa autorizzazione.",In Copyright – Rights-Holder(s) Unlocatable or Unresponsive,audio,assets/objects/nc0107,https://drive.google.com/file/d/14iCD5M1izEP1r4mRSI7-jJ4gp7vsT0iY/view?usp=drive_link,,,,
nc0108,Faseimi cuatri fritulis,Maria Moro,15 novembre 1969,Canto popolare carnico - Priola,Canto popolare carnico - Priola,Priola (UD),46.503959,12.988451,Collezione privata di Valter Colle,nc0108,Audio,AIF Audio File (VLC),friulano,"Diritti da verificare con il titolare della registrazione; utilizzo consentito esclusivamente per finalità di ricerca, previa autorizzazione.",In Copyright – Rights-Holder(s) Unlocatable or Unresponsive,audio,assets/objects/nc0108,https://drive.google.com/file/d/1yQikgz1YK3XKQMsetmkGhGf5jKYone30/view?usp=drive_link,,,,
nc0109,O Concetta Immacolata,Maria Moro; Regina Chiapolino,15 novembre 1969,Canto popolare carnico - Priola,Canto popolare carnico - Priola,Priola (UD),46.503959,12.988451,Collezione privata di Valter Colle,nc0109,Audio,AIF Audio File (VLC),friulano,"Diritti da verificare con il titolare della registrazione; utilizzo consentito esclusivamente per finalità di ricerca, previa autorizzazione.",In Copyright – Rights-Holder(s) Unlocatable or Unresponsive,audio,assets/objects/nc0109,https://drive.google.com/file/d/1muNm26dYfYLgi5dAZ9v8UUPvI0HM5X3d/view?usp=drive_link,,,,
nc0110,Puer natus in Bethlem,Maria Moro; Regina Chiapolino,15 novembre 1969,Canto popolare carnico - Priola,Canto popolare carnico - Priola,Priola (UD),46.503959,12.988451,Collezione privata di Valter Colle,nc0110,Audio,AIF Audio File (VLC),friulano,"Diritti da verificare con il titolare della registrazione; utilizzo consentito esclusivamente per finalità di ricerca, previa autorizzazione.",In Copyright – Rights-Holder(s) Unlocatable or Unresponsive,audio,assets/objects/nc0110,https://drive.google.com/file/d/1DCXElIQsZT-hHB13uiGqgvJhgd7Dy1hd/view?usp=drive_link,,,,
nc0111,Oj assassine praduline!,,,Canto popolare carnico - Priola,Canto popolare carnico - Priola,Priola (UD),46.503959,12.988451,Collezione privata di Valter Colle,nc0111,Audio,AIF Audio File (VLC),friulano,"Diritti da verificare con il titolare della registrazione; utilizzo consentito esclusivamente per finalità di ricerca, previa autorizzazione.",In Copyright – Rights-Holder(s) Unlocatable or Unresponsive,audio,assets/objects/nc0111,https://drive.google.com/file/d/1m2cwbOW7G-LkLhuUKExLJYlZO_lMroEF/view?usp=drive_link,,,,
nc0112,Rosario + Santa Maria,Maria Moro; Regina Chiapolino; Silvia Moro; Caterina Moro,16 maggio 1970,Canto popolare carnico - Priola,Canto popolare carnico - Priola,Priola (UD),46.503959,12.988451,Collezione privata di Valter Colle,nc0112,Audio,AIF Audio File (VLC),friulano,"Diritti da verificare con il titolare della registrazione; utilizzo consentito esclusivamente per finalità di ricerca, previa autorizzazione.",In Copyright – Rights-Holder(s) Unlocatable or Unresponsive,audio,assets/objects/nc0112,https://drive.google.com/file/d/1Q5C8dMcVfe7byzTGAuyn28-vMKHCPWpz/view?usp=drive_link,,,,
nc0113,Amabile Maria,Maria Moro; Regina Chiapolino; Silvia Moro; Caterina Moro,16 maggio 1970,Canto popolare carnico - Priola,Canto popolare carnico - Priola,Priola (UD),46.503959,12.988451,Collezione privata di Valter Colle,nc0113,Audio,AIF Audio File (VLC),friulano,"Diritti da verificare con il titolare della registrazione; utilizzo consentito esclusivamente per finalità di ricerca, previa autorizzazione.",In Copyright – Rights-Holder(s) Unlocatable or Unresponsive,audio,assets/objects/nc0113,https://drive.google.com/file/d/1PTuChKKfWxl5LLGHefSe5ue3jm199pv9/view?usp=drive_link,,,,
nc0114,Per andare a Roma,Maria Moro; Regina Chiapolino; Silvia Moro; Caterina Moro,16 maggio 1970,Canto popolare carnico - Priola,Canto popolare carnico - Priola,Priola (UD),46.503959,12.988451,Collezione privata di Valter Colle,nc0114,Audio,AIF Audio File (VLC),friulano,"Diritti da verificare con il titolare della registrazione; utilizzo consentito esclusivamente per finalità di ricerca, previa autorizzazione.",In Copyright – Rights-Holder(s) Unlocatable or Unresponsive,audio,assets/objects/nc0114,https://drive.google.com/file/d/1UZfORDnXbW_XZyMrocGf3QXSbX6QucOa/view?usp=drive_link,,,,
nc0115,La bella Margherita,Maria Moro; Regina Chiapolino; Silvia Moro; Caterina Moro,16 maggio 1970,Canto popolare carnico - Priola,Canto popolare carnico - Priola,Priola (UD),46.503959,12.988451,Collezione privata di Valter Colle,nc0115,Audio,AIF Audio File (VLC),friulano,"Diritti da verificare con il titolare della registrazione; utilizzo consentito esclusivamente per finalità di ricerca, previa autorizzazione.",In Copyright – Rights-Holder(s) Unlocatable or Unresponsive,audio,assets/objects/nc0115,https://drive.google.com/file/d/1Iz-QhoyzDuahWwN-arZyAOWQsdR4qEuU/view?usp=drive_link,,,,
nc0116,E la figlia del bacan,Maria Moro; Regina Chiapolino; Silvia Moro; Caterina Moro,16 maggio 1970,Canto popolare carnico - Priola,Canto popolare carnico - Priola,Priola (UD),46.503959,12.988451,Collezione privata di Valter Colle,nc0116,Audio,AIF Audio File (VLC),friulano,"Diritti da verificare con il titolare della registrazione; utilizzo consentito esclusivamente per finalità di ricerca, previa autorizzazione.",In Copyright – Rights-Holder(s) Unlocatable or Unresponsive,audio,assets/objects/nc0116,https://drive.google.com/file/d/1lkr_QavspYmiYD-hARMtsGhDQcckV_uL/view?usp=drive_link,,,,
nc0117,E la bella si mise in strada,Maria Moro; Regina Chiapolino; Silvia Moro; Caterina Moro,16 maggio 1970,Canto popolare carnico - Priola,Canto popolare carnico - Priola,Priola (UD),46.503959,12.988451,Collezione privata di Valter Colle,nc0117,Audio,AIF Audio File (VLC),friulano,"Diritti da verificare con il titolare della registrazione; utilizzo consentito esclusivamente per finalità di ricerca, previa autorizzazione.",In Copyright – Rights-Holder(s) Unlocatable or Unresponsive,audio,assets/objects/nc0117,https://drive.google.com/file/d/1enbfjqKA_wY49x99z-l_nek63j41OaLV/view?usp=drive_link,,,,
nc0118,La povera Cecilia,Maria Moro; Regina Chiapolino; Silvia Moro; Caterina Moro,16 maggio 1970,Canto popolare carnico - Priola,Canto popolare carnico - Priola,Priola (UD),46.503959,12.988451,Collezione privata di Valter Colle,nc0118,Audio,AIF Audio File (VLC),friulano,"Diritti da verificare con il titolare della registrazione; utilizzo consentito esclusivamente per finalità di ricerca, previa autorizzazione.",In Copyright – Rights-Holder(s) Unlocatable or Unresponsive,audio,assets/objects/nc0118,https://drive.google.com/file/d/1-cnwzH4gvC9mXDuxD5fs94rVe_N14Iwl/view?usp=drive_link,,,,
nc0119,La più bela de Rovigno,Maria Moro,16 maggio 1970,Canto popolare carnico - Priola,Canto popolare carnico - Priola,Priola (UD),46.503959,12.988451,Collezione privata di Valter Colle,nc0119,Audio,AIF Audio File (VLC),friulano,"Diritti da verificare con il titolare della registrazione; utilizzo consentito esclusivamente per finalità di ricerca, previa autorizzazione.",In Copyright – Rights-Holder(s) Unlocatable or Unresponsive,audio,assets/objects/nc0119,https://drive.google.com/file/d/1Z4ItTbNfqR78aF_arXOY4s4mSNyhzVqg/view?usp=drive_link,,,,
nc0120, Fâisi fûr fantats di Vile,Maria Moro; Regina Chiapolino; Silvia Moro; Caterina Moro,16 maggio 1970,Canto popolare carnico - Priola,Canto popolare carnico - Priola,Priola (UD),46.503959,12.988451,Collezione privata di Valter Colle,nc0120,Audio,AIF Audio File (VLC),friulano,"Diritti da verificare con il titolare della registrazione; utilizzo consentito esclusivamente per finalità di ricerca, previa autorizzazione.",In Copyright – Rights-Holder(s) Unlocatable or Unresponsive,audio,assets/objects/nc0120,https://drive.google.com/file/d/1gLiPAAq7ROHyfQjyETiX1twEjSU5lCkm/view?usp=drive_link,,,,
nc0121,E su su sun chel Sanpieri,Maria Moro; Regina Chiapolino; Silvia Moro; Caterina Moro,16 maggio 1970,Canto popolare carnico - Priola,Canto popolare carnico - Priola,Priola (UD),46.503959,12.988451,Collezione privata di Valter Colle,nc0121,Audio,AIF Audio File (VLC),friulano,"Diritti da verificare con il titolare della registrazione; utilizzo consentito esclusivamente per finalità di ricerca, previa autorizzazione.",In Copyright – Rights-Holder(s) Unlocatable or Unresponsive,audio,assets/objects/nc0121,https://drive.google.com/file/d/1FGTtCAKJW4lQFzbVVHWmL53ybr5x-iaf/view?usp=drive_link,,,,
nc0122,Fol issai fol istrai,Maria Moro; Regina Chiapolino; Silvia Moro; Caterina Moro,16 maggio 1970,Canto popolare carnico - Priola,Canto popolare carnico - Priola,Priola (UD),46.503959,12.988451,Collezione privata di Valter Colle,nc0122,Audio,AIF Audio File (VLC),friulano,"Diritti da verificare con il titolare della registrazione; utilizzo consentito esclusivamente per finalità di ricerca, previa autorizzazione.",In Copyright – Rights-Holder(s) Unlocatable or Unresponsive,audio,assets/objects/nc0122,https://drive.google.com/file/d/1-93irhIrAXee5Q0heyzCuk9BkW_u7yk1/view?usp=drive_link,,,,
nc0123,E Prioule no je une vile,Maria Moro; Regina Chiapolino; Silvia Moro; Caterina Moro,16 maggio 1970,Canto popolare carnico - Priola,Canto popolare carnico - Priola,Priola (UD),46.503959,12.988451,Collezione privata di Valter Colle,nc0123,Audio,AIF Audio File (VLC),friulano,"Diritti da verificare con il titolare della registrazione; utilizzo consentito esclusivamente per finalità di ricerca, previa autorizzazione.",In Copyright – Rights-Holder(s) Unlocatable or Unresponsive,audio,assets/objects/nc0123,https://drive.google.com/file/d/1AIKFfZxr3oPdU3kL_HVkfx_Wlafka-Ok/view?usp=drive_link,,,,
nc0201,Oggi è quel giorno Santo,Maria Casanova in Barbacetto,12 agosto 1968,Canto popolare carnico - Zovello,Canto popolare carnico - Zovello,Zovello,46.530257,12.951130,Collezione privata di Valter Colle,nc0201,Audio,AIF Audio File (VLC),friulano,"Diritti da verificare con il titolare della registrazione; utilizzo consentito esclusivamente per finalità di ricerca, previa autorizzazione.",In Copyright – Rights-Holder(s) Unlocatable or Unresponsive,audio,assets/objects/nc0201.aiff,https://drive.google.com/file/d/1D7gbguL6_-LnhtB88eQmbZJEGKp_GW3P/view?usp=drive_link,,,,
nc0202,Auguri seguiti a canto epifanico,Maria Casanova in Barbacetto,12 agosto 1968,Canto popolare carnico - Zovello,Canto popolare carnico - Zovello,Zovello,46.530257,12.951130,Collezione privata di Valter Colle,nc0202,Audio,AIF Audio File (VLC),friulano,"Diritti da verificare con il titolare della registrazione; utilizzo consentito esclusivamente per finalità di ricerca, previa autorizzazione.",In Copyright – Rights-Holder(s) Unlocatable or Unresponsive,audio,assets/objects/nc0202.aiff,https://drive.google.com/file/d/1gcVLBg9Kr0tAEDgWTzUpcsLd5uMjY54j/view?usp=drive_link,,,,
nc0203,Chest al è un cjant a la Madone,Maria Casanova in Barbacetto,12 agosto 1968,Canto popolare carnico - Zovello,Canto popolare carnico - Zovello,Zovello,46.530257,12.951130,Collezione privata di Valter Colle,nc0203,Audio,AIF Audio File (VLC),friulano,"Diritti da verificare con il titolare della registrazione; utilizzo consentito esclusivamente per finalità di ricerca, previa autorizzazione.",In Copyright – Rights-Holder(s) Unlocatable or Unresponsive,audio,assets/objects/nc0203.aiff,https://drive.google.com/file/d/1DeP3GAnPXIffp6n4ywo5A3F_ZY8w2g1W/view?usp=drive_link,,,,
nc0204,Là sù in cîl,Maria Casanova in Barbacetto,12 agosto 1968,Canto popolare carnico - Zovello,Canto popolare carnico - Zovello,Zovello,46.530257,12.951130,Collezione privata di Valter Colle,nc0204,Audio,AIF Audio File (VLC),friulano,"Diritti da verificare con il titolare della registrazione; utilizzo consentito esclusivamente per finalità di ricerca, previa autorizzazione.",In Copyright – Rights-Holder(s) Unlocatable or Unresponsive,audio,assets/objects/nc0204.aiff,https://drive.google.com/file/d/1Gt5KO0op9PEqdpYZ42kUY1j-aqk7ZUnj/view?usp=drive_link,,,,
nc0205,Chel rinçot par sore al voli,Maria Casanova in Barbacetto,12 agosto 1968,Canto popolare carnico - Zovello,Canto popolare carnico - Zovello,Zovello,46.530257,12.951130,Collezione privata di Valter Colle,nc0205,Audio,AIF Audio File (VLC),friulano,"Diritti da verificare con il titolare della registrazione; utilizzo consentito esclusivamente per finalità di ricerca, previa autorizzazione.",In Copyright – Rights-Holder(s) Unlocatable or Unresponsive,audio,assets/objects/nc0205.aiff,https://drive.google.com/file/d/1Bz6koWpA6RJPa7L-975juRQL8HGm8yni/view?usp=drive_link,,,,
nc0206,O bella mia speranza,Maria Casanova in Barbacetto,12 agosto 1968,Canto popolare carnico - Zovello,Canto popolare carnico - Zovello,Zovello,46.530257,12.951130,Collezione privata di Valter Colle,nc0206,Audio,AIF Audio File (VLC),friulano,"Diritti da verificare con il titolare della registrazione; utilizzo consentito esclusivamente per finalità di ricerca, previa autorizzazione.",In Copyright – Rights-Holder(s) Unlocatable or Unresponsive,audio,assets/objects/nc0206.aiff,https://drive.google.com/file/d/1YJXIN7DX1lbxrESlnVpmKkIomEWePiao/view?usp=drive_link,,,,
nc0207,Amabile Maria,Maria Casanova in Barbacetto,12 agosto 1968,Canto popolare carnico - Zovello,Canto popolare carnico - Zovello,Zovello,46.530257,12.951130,Collezione privata di Valter Colle,nc0207,Audio,AIF Audio File (VLC),friulano,"Diritti da verificare con il titolare della registrazione; utilizzo consentito esclusivamente per finalità di ricerca, previa autorizzazione.",In Copyright – Rights-Holder(s) Unlocatable or Unresponsive,audio,assets/objects/nc0207.aiff,https://drive.google.com/file/d/17HlmTtNPBxqIsJ_mmgE8pj3Z0DBYLfTW/view?usp=drive_link,,,,
nc0208,Orazione per il primo giorno di Quaresima,Maria Casanova in Barbacetto,12 agosto 1968,Canto popolare carnico - Zovello,Canto popolare carnico - Zovello,Zovello,46.530257,12.951130,Collezione privata di Valter Colle,nc0208,Audio,AIF Audio File (VLC),friulano,"Diritti da verificare con il titolare della registrazione; utilizzo consentito esclusivamente per finalità di ricerca, previa autorizzazione.",In Copyright – Rights-Holder(s) Unlocatable or Unresponsive,audio,assets/objects/nc0208.aiff,https://drive.google.com/file/d/1CNyQ3Gna05cSOoXynsbGmvf8WJk5zqyu/view?usp=drive_link,,,,
nc0209,"Dormi, non piangere",Elena Barbacetto in Barbacetto,12 agosto 1968,Canto popolare carnico - Zovello,Canto popolare carnico - Zovello,Zovello,46.530257,12.951130,Collezione privata di Valter Colle,nc0209,Audio,AIF Audio File (VLC),friulano,"Diritti da verificare con il titolare della registrazione; utilizzo consentito esclusivamente per finalità di ricerca, previa autorizzazione.",In Copyright – Rights-Holder(s) Unlocatable or Unresponsive,audio,assets/objects/nc0209.aiff,https://drive.google.com/file/d/1y1aGMangI7pLBWy_AsZKS5Zy_qWHgq9T/view?usp=drive_link,,,,
nc0210,"Antonio, santo miracoloso",Elena Barbacetto in Barbacetto,12 agosto 1968,Canto popolare carnico - Zovello,Canto popolare carnico - Zovello,Zovello,46.530257,12.951130,Collezione privata di Valter Colle,nc0210,Audio,AIF Audio File (VLC),friulano,"Diritti da verificare con il titolare della registrazione; utilizzo consentito esclusivamente per finalità di ricerca, previa autorizzazione.",In Copyright – Rights-Holder(s) Unlocatable or Unresponsive,audio,assets/objects/nc0210.aiff,https://drive.google.com/file/d/15jLBnTPIVE8EjRWAUNlc2LhkZsARwVmx/view?usp=drive_link,,,,
nc0211,Nana nana pupin,Ido Barbacetto,12 agosto 1968,Canto popolare carnico - Zovello,Canto popolare carnico - Zovello,Zovello,46.530257,12.951130,Collezione privata di Valter Colle,nc0211,Audio,AIF Audio File (VLC),friulano,"Diritti da verificare con il titolare della registrazione; utilizzo consentito esclusivamente per finalità di ricerca, previa autorizzazione.",In Copyright – Rights-Holder(s) Unlocatable or Unresponsive,audio,assets/objects/nc0211.aiff,https://drive.google.com/file/d/1gDmF2wHLFS6hl4BNeFM3WMNb7xEVBdAx/view?usp=drive_link,,,,
nc0212,Simpri simpri jote frede,Ido Barbacetto ,12 agosto 1968,Canto popolare carnico - Zovello,Canto popolare carnico - Zovello,Zovello,46.530257,12.951130,Collezione privata di Valter Colle,nc0212,Audio,AIF Audio File (VLC),friulano,"Diritti da verificare con il titolare della registrazione; utilizzo consentito esclusivamente per finalità di ricerca, previa autorizzazione.",In Copyright – Rights-Holder(s) Unlocatable or Unresponsive,audio,assets/objects/nc0212.aiff,https://drive.google.com/file/d/17DS09oqBJxyKUJ3f9IrPx1Lc29utrdSC/view?usp=drive_link,,,,
nc0213,Inno a Sant'Antonio,Angelina Dipiazza,13 agosto 1968,Canto popolare carnico - Tualis,Canto popolare carnico - Tualis,Tualis,46.532869,12.880739,Collezione privata di Valter Colle,nc0213,Audio,AIF Audio File (VLC),friulano,"Diritti da verificare con il titolare della registrazione; utilizzo consentito esclusivamente per finalità di ricerca, previa autorizzazione.",In Copyright – Rights-Holder(s) Unlocatable or Unresponsive,audio,assets/objects/nc0213.aiff,https://drive.google.com/file/d/1raajQZHO_qkwnLg3vO-xA6fHSzjOIKAj/view?usp=drive_link,,,,
nc0214,O dei miracoli inclito santo,Angelica Dipiazza,13 agosto 1968,Canto popolare carnico - Tualis,Canto popolare carnico - Tualis,Tualis,46.532869,12.880739,Collezione privata di Valter Colle,nc0214,Audio,AIF Audio File (VLC),friulano,"Diritti da verificare con il titolare della registrazione; utilizzo consentito esclusivamente per finalità di ricerca, previa autorizzazione.",In Copyright – Rights-Holder(s) Unlocatable or Unresponsive,audio,assets/objects/nc0214.aiff,https://drive.google.com/file/d/1K1s_kUm0tsi2jrGbnZ-qT8v1V2IPxSTU/view?usp=drive_link,,,,
nc0215,Ioi se biel lusôr di lune!,Angelica Dipiazza,13 agosto 1968,Canto popolare carnico - Tualis,Canto popolare carnico - Tualis,Tualis,46.532869,12.880739,Collezione privata di Valter Colle,nc0215,Audio,AIF Audio File (VLC),friulano,"Diritti da verificare con il titolare della registrazione; utilizzo consentito esclusivamente per finalità di ricerca, previa autorizzazione.",In Copyright – Rights-Holder(s) Unlocatable or Unresponsive,audio,assets/objects/nc0215.aiff,https://drive.google.com/file/d/1y6tVfZf9qmJ2dCDC3sUZds3Gf1vxLuWE/view?usp=drive_link,,,,
nc0216,Jo soi di Sitiet,Angelica Dipiazza,13 agosto 1968,Canto popolare carnico - Tualis,Canto popolare carnico - Tualis,Tualis,46.532869,12.880739,Collezione privata di Valter Colle,nc0216,Audio,AIF Audio File (VLC),friulano,"Diritti da verificare con il titolare della registrazione; utilizzo consentito esclusivamente per finalità di ricerca, previa autorizzazione.",In Copyright – Rights-Holder(s) Unlocatable or Unresponsive,audio,assets/objects/nc0216.aiff,https://drive.google.com/file/d/1xx-42MhactJ0o1JgegiANfC8nS_lvoNm/view?usp=drive_link,,,,
nc0217,Il cjapiel al à da bulo,Angelica Dipiazza,13 agosto 1968,Canto popolare carnico - Tualis,Canto popolare carnico - Tualis,Tualis,46.532869,12.880739,Collezione privata di Valter Colle,nc0217,Audio,AIF Audio File (VLC),friulano,"Diritti da verificare con il titolare della registrazione; utilizzo consentito esclusivamente per finalità di ricerca, previa autorizzazione.",In Copyright – Rights-Holder(s) Unlocatable or Unresponsive,audio,assets/objects/nc0217.aiff,https://drive.google.com/file/d/1yXk3j-e8nf39HW7wQIeJwc3-1oF3JM0P/view?usp=drive_link,,,,
nc0218,"O durmiso, o vegliaiso",Angelica Dipiazza,13 agosto 1968,Canto popolare carnico - Tualis,Canto popolare carnico - Tualis,Tualis,46.532869,12.880739,Collezione privata di Valter Colle,nc0218,Audio,AIF Audio File (VLC),friulano,"Diritti da verificare con il titolare della registrazione; utilizzo consentito esclusivamente per finalità di ricerca, previa autorizzazione.",In Copyright – Rights-Holder(s) Unlocatable or Unresponsive,audio,assets/objects/nc0218.aiff,https://drive.google.com/file/d/15GJPj1SV1oSEnbdvpyPsEt3pgb4vYNJI/view?usp=drive_link,,,,
nc0219,Un cjant a la nuvice,Fiorina e Carla Dipiazza,10 agosto 1966,Canto popolare carnico - Tualis,Canto popolare carnico - Tualis,Tualis,46.532869,12.880739,Collezione privata di Valter Colle,nc0219,Audio,AIF Audio File (VLC),friulano,"Diritti da verificare con il titolare della registrazione; utilizzo consentito esclusivamente per finalità di ricerca, previa autorizzazione.",In Copyright – Rights-Holder(s) Unlocatable or Unresponsive,audio,assets/objects/nc0219.aiff,https://drive.google.com/file/d/1t9QQCqPdHTcoL5KUSjUhRcfiO6bR5_Zu/view?usp=drive_link,,,,
nc0220,E son trê dîs ch'jo i puarti aghe,Fiorina e Carla Dipiazza,10 agosto 1966,Canto popolare carnico - Tualis,Canto popolare carnico - Tualis,Tualis,46.532869,12.880739,Collezione privata di Valter Colle,nc0220,Audio,AIF Audio File (VLC),friulano,"Diritti da verificare con il titolare della registrazione; utilizzo consentito esclusivamente per finalità di ricerca, previa autorizzazione.",In Copyright – Rights-Holder(s) Unlocatable or Unresponsive,audio,assets/objects/nc0220.aiff,https://drive.google.com/file/d/159sOWP9umZe6iU8-r0A5l_DGM9ji0JEh/view?usp=drive_link,,,,
nc0221,"No vaî tu, personine",Fiorina e Carla Dipiazza,10 agosto 1966,Canto popolare carnico - Tualis,Canto popolare carnico - Tualis,Tualis,46.532869,12.880739,Collezione privata di Valter Colle,nc0221,Audio,AIF Audio File (VLC),friulano,"Diritti da verificare con il titolare della registrazione; utilizzo consentito esclusivamente per finalità di ricerca, previa autorizzazione.",In Copyright – Rights-Holder(s) Unlocatable or Unresponsive,audio,assets/objects/nc0221.aiff,https://drive.google.com/file/d/1b9qE3sRZqVBtcerNHeAhwpuEKOUF7zwD/view?usp=drive_link,,,,
nc0222,Duc mi disin che no ai morosis,Fiorina e Carla Dipiazza,10 agosto 1966,Canto popolare carnico - Tualis,Canto popolare carnico - Tualis,Tualis,46.532869,12.880739,Collezione privata di Valter Colle,nc0222,Audio,AIF Audio File (VLC),friulano,"Diritti da verificare con il titolare della registrazione; utilizzo consentito esclusivamente per finalità di ricerca, previa autorizzazione.",In Copyright – Rights-Holder(s) Unlocatable or Unresponsive,audio,assets/objects/nc0222.aiff,https://drive.google.com/file/d/1PbWBcNWv_Ffd7ajWbhWbbUJBy46PENGR/view?usp=drive_link,,,,
nc0223,Lait a rosis in montagne,Fiorina e Carla Dipiazza,10 agosto 1966,Canto popolare carnico - Tualis,Canto popolare carnico - Tualis,Tualis,46.532869,12.880739,Collezione privata di Valter Colle,nc0223,Audio,AIF Audio File (VLC),friulano,"Diritti da verificare con il titolare della registrazione; utilizzo consentito esclusivamente per finalità di ricerca, previa autorizzazione.",In Copyright – Rights-Holder(s) Unlocatable or Unresponsive,audio,assets/objects/nc0223.aiff,https://drive.google.com/file/d/1v92htwuzdYrp9ldk3CM9iKNSRpH6am4G/view?usp=drive_link,,,,
nc0224,Quand ch'jo fui sot Givijano,Fiorina e Carla Dipiazza,10 agosto 1966,Canto popolare carnico - Tualis,Canto popolare carnico - Tualis,Tualis,46.532869,12.880739,Collezione privata di Valter Colle,nc0224,Audio,AIF Audio File (VLC),friulano,"Diritti da verificare con il titolare della registrazione; utilizzo consentito esclusivamente per finalità di ricerca, previa autorizzazione.",In Copyright – Rights-Holder(s) Unlocatable or Unresponsive,audio,assets/objects/nc0224.aiff,https://drive.google.com/file/d/1JUEu1h5AjXzlNKfG7BzKREaaF7gS__IK/view?usp=drive_link,,,,
nc0225,E velu là,Fiorina e Carla Dipiazza,10 agosto 1966,Canto popolare carnico - Tualis,Canto popolare carnico - Tualis,Tualis,46.532869,12.880739,Collezione privata di Valter Colle,nc0225,Audio,AIF Audio File (VLC),friulano,"Diritti da verificare con il titolare della registrazione; utilizzo consentito esclusivamente per finalità di ricerca, previa autorizzazione.",In Copyright – Rights-Holder(s) Unlocatable or Unresponsive,audio,assets/objects/nc0225.aiff,https://drive.google.com/file/d/1CU_oicizpt3vFc_mPHwwyByL4xlp_4KU/view?usp=drive_link,,,,
nc0226,"Ven chi, Signôr, chel pan",Fiorina e Carla Dipiazza,10 agosto 1966,Canto popolare carnico - Tualis,Canto popolare carnico - Tualis,Tualis,46.532869,12.880739,Collezione privata di Valter Colle,nc0226,Audio,AIF Audio File (VLC),friulano,"Diritti da verificare con il titolare della registrazione; utilizzo consentito esclusivamente per finalità di ricerca, previa autorizzazione.",In Copyright – Rights-Holder(s) Unlocatable or Unresponsive,audio,assets/objects/nc0226.aiff,https://drive.google.com/file/d/1ljpEkxlKXypnobMmlnbml4P7s15JETyB/view?usp=drive_link,,,,
nc0227,Cuand ch'i passi oltre Mieli,,10 agosto 1966,Canto popolare carnico - Noiaretto,Canto popolare carnico - Noiaretto,Noiaretto,46.533695,12.876917,Collezione privata di Valter Colle,nc0227,Audio,AIF Audio File (VLC),friulano,"Diritti da verificare con il titolare della registrazione; utilizzo consentito esclusivamente per finalità di ricerca, previa autorizzazione.",In Copyright – Rights-Holder(s) Unlocatable or Unresponsive,audio,assets/objects/nc0227.aiff,https://drive.google.com/file/d/1dQHiEWMXJ_r8mB7fiZGQnEKzU24yfx57/view?usp=drive_link,,,,
nc0228,Cuand ch'i passi oltre Mieli,,10 agosto 1966,Canto popolare carnico - Noiaretto,Canto popolare carnico - Noiaretto,Noiaretto,46.533695,12.876917,Collezione privata di Valter Colle,nc0228,Audio,AIF Audio File (VLC),friulano,"Diritti da verificare con il titolare della registrazione; utilizzo consentito esclusivamente per finalità di ricerca, previa autorizzazione.",In Copyright – Rights-Holder(s) Unlocatable or Unresponsive,audio,assets/objects/nc0228.aiff,https://drive.google.com/file/d/15ttA1LWJHnJ6vONz4QffYiL1Swf7ZnPN/view?usp=drive_link,,,,
nc0229,Chel gri-gri sun che busute,,10 agosto 1966,Canto popolare carnico - Noiaretto,Canto popolare carnico - Noiaretto,Noiaretto,46.533695,12.876917,Collezione privata di Valter Colle,nc0229,Audio,AIF Audio File (VLC),friulano,"Diritti da verificare con il titolare della registrazione; utilizzo consentito esclusivamente per finalità di ricerca, previa autorizzazione.",In Copyright – Rights-Holder(s) Unlocatable or Unresponsive,audio,assets/objects/nc0229.aiff,https://drive.google.com/file/d/1LLD-p3398HHoEhDRKfbMmveGMNTFeaL3/view?usp=drive_link,,,,
nc0230,E je stade la mê ruine de mê gjoventût,,,Canto popolare carnico ,Canto popolare carnico ,,,,Collezione privata di Valter Colle,nc0230,Audio,AIF Audio File (VLC),friulano,"Diritti da verificare con il titolare della registrazione; utilizzo consentito esclusivamente per finalità di ricerca, previa autorizzazione.",In Copyright – Rights-Holder(s) Unlocatable or Unresponsive,audio,assets/objects/nc0230.aiff,https://drive.google.com/file/d/1gTXynTOTrwTeChCnsl6V6fBcbhW2jdQ8/view?usp=drive_link,,,,
nc0231,O bella mia speranza,Don Luciano Devora,,Canto popolare carnico - Ravascletto,Canto popolare carnico - Ravascletto,Ravascletto,46.524834,12.922642,Collezione privata di Valter Colle,nc0231,Audio,AIF Audio File (VLC),friulano,"Diritti da verificare con il titolare della registrazione; utilizzo consentito esclusivamente per finalità di ricerca, previa autorizzazione.",In Copyright – Rights-Holder(s) Unlocatable or Unresponsive,audio,assets/objects/nc0231.aiff,https://drive.google.com/file/d/1Zd-smFAPmxIOTkQUURmKkrwrA3Tj1Jhd/view?usp=drive_link,,,,
nc0232,No no in chê culine,Maria Casanova in Barbacetto,14 agosto 66,Canto popolare carnico - Ravascletto,Canto popolare carnico - Ravascletto,Ravascletto,46.524834,12.922642,Collezione privata di Valter Colle,nc0232,Audio,AIF Audio File (VLC),friulano,"Diritti da verificare con il titolare della registrazione; utilizzo consentito esclusivamente per finalità di ricerca, previa autorizzazione.",In Copyright – Rights-Holder(s) Unlocatable or Unresponsive,audio,assets/objects/nc0232.aiff,https://drive.google.com/file/d/1-GrAmUnGLQByO-VMGodfJ6BjWfKIMmjA/view?usp=drive_link,,,,
nc0233,Rarà chei da Mieli,Maria Casanova in Barbacetto,14 agosto 66,Canto popolare carnico - Ravascletto,Canto popolare carnico - Ravascletto,Ravascletto,46.524834,12.922642,Collezione privata di Valter Colle,nc0233,Audio,AIF Audio File (VLC),friulano,"Diritti da verificare con il titolare della registrazione; utilizzo consentito esclusivamente per finalità di ricerca, previa autorizzazione.",In Copyright – Rights-Holder(s) Unlocatable or Unresponsive,audio,assets/objects/nc0233.aiff,https://drive.google.com/file/d/1vzSYTyxmmMvWJTEzT2BQhsC1a89Tih4h/view?usp=drive_link,,,,
nc0234,Lodate Maria,Celesta Della Pietra,1968,Canto popolare carnico - Zovello,Canto popolare carnico - Zovello,Zovello,46.530257,12.951130,Collezione privata di Valter Colle,nc0234,Audio,AIF Audio File (VLC),friulano,"Diritti da verificare con il titolare della registrazione; utilizzo consentito esclusivamente per finalità di ricerca, previa autorizzazione.",In Copyright – Rights-Holder(s) Unlocatable or Unresponsive,audio,assets/objects/nc0234.aiff,https://drive.google.com/file/d/1lGP7_3CKlVWRBA1nIzxu_F37hKuTu_8y/view?usp=drive_link,,,,
nc0235,Une scriulade,Maria Morassi,,Canto popolare carnico - Zovello,Canto popolare carnico - Zovello,Zovello,46.530257,12.951130,Collezione privata di Valter Colle,nc0235,Audio,AIF Audio File (VLC),friulano,"Diritti da verificare con il titolare della registrazione; utilizzo consentito esclusivamente per finalità di ricerca, previa autorizzazione.",In Copyright – Rights-Holder(s) Unlocatable or Unresponsive,audio,assets/objects/nc0235.aiff,https://drive.google.com/file/d/15ATTfqUuRw7pkudzS1otNvPj1XmZ_CMP/view?usp=drive_link,,,,
nc0236,A Santa Margarita da Cortona,Franco Dain,,Canto popolare carnico - Cercivento,Canto popolare carnico - Cercivento,Cercivento,46.527123,12.986841,Collezione privata di Valter Colle,nc0236,Audio,AIF Audio File (VLC),friulano,"Diritti da verificare con il titolare della registrazione; utilizzo consentito esclusivamente per finalità di ricerca, previa autorizzazione.",In Copyright – Rights-Holder(s) Unlocatable or Unresponsive,audio,assets/objects/nc0236.aiff,https://drive.google.com/file/d/1ZglvgRWcmlY4uFUvSpN6XobAiYVNjgOX/view?usp=drive_link,,,,
nc0237,Canzone di tre res magios,,,Canto popolare carnico - Zovello,Canto popolare carnico - Zovello,Zovello,46.530257,12.951130,Collezione privata di Valter Colle,nc0237,Audio,AIF Audio File (VLC),friulano,"Diritti da verificare con il titolare della registrazione; utilizzo consentito esclusivamente per finalità di ricerca, previa autorizzazione.",In Copyright – Rights-Holder(s) Unlocatable or Unresponsive,audio,assets/objects/nc0237.aiff,https://drive.google.com/file/d/1VZMTgq16u-iR48D258x7GrgJUge1HztE/view?usp=drive_link,,,,
nc0301,Filastrocca con strofe di diversi brani,Elena Flossberger (53 anni),14 luglio 1961,Canto popolare carnico - Casaso,Canto popolare carnico - Casaso,Casaso,46.5293,13.1187,Collezione privata di Valter Colle,nc0301,Audio,AIF Audio File (VLC),friulano,"Diritti da verificare con il titolare della registrazione; utilizzo consentito esclusivamente per finalità di ricerca, previa autorizzazione.",In Copyright – Rights-Holder(s) Unlocatable or Unresponsive,audio,assets/objects/nc0301.aiff,https://drive.google.com/file/d/1ceb6_2LQ6pDNansV9Fn1-g1qzKOcFk54/view?usp=drive_link,,,,
nc0302,Chel grîmal di sede nere,Elena Flossberger ,14 luglio 1961,Canto popolare carnico - Casaso,Canto popolare carnico - Casaso,Casaso,46.5293,13.1187,Collezione privata di Valter Colle,nc0302,Audio,AIF Audio File (VLC),friulano,"Diritti da verificare con il titolare della registrazione; utilizzo consentito esclusivamente per finalità di ricerca, previa autorizzazione.",In Copyright – Rights-Holder(s) Unlocatable or Unresponsive,audio,assets/objects/nc0302.aiff,https://drive.google.com/file/d/1WsihynhndccWb0nCaNnKIelQiMyAQYYK/view?usp=drive_link,,,,
nc0303,Ce biele companie,Elena Flossberger ,14 luglio 1961,Canto popolare carnico - Casaso,Canto popolare carnico - Casaso,Casaso,46.5293,13.1187,Collezione privata di Valter Colle,nc0303,Audio,AIF Audio File (VLC),friulano,"Diritti da verificare con il titolare della registrazione; utilizzo consentito esclusivamente per finalità di ricerca, previa autorizzazione.",In Copyright – Rights-Holder(s) Unlocatable or Unresponsive,audio,assets/objects/nc0303.aiff,https://drive.google.com/file/d/1gGxEnRxolGqr3mLfp0kbP0MkN174CEb5/view?usp=drive_link,,,,
nc0304,Quel treno che parte per la Carnia,Elena Flossberger,14 luglio 1961,Canto popolare carnico - Casaso,Canto popolare carnico - Casaso,Casaso,46.5293,13.1187,Collezione privata di Valter Colle,nc0304,Audio,AIF Audio File (VLC),friulano,"Diritti da verificare con il titolare della registrazione; utilizzo consentito esclusivamente per finalità di ricerca, previa autorizzazione.",In Copyright – Rights-Holder(s) Unlocatable or Unresponsive,audio,assets/objects/nc0304.aiff,https://drive.google.com/file/d/1YbLE0rXQNosS9CKlm0azpTAPSwn1jKwg/view?usp=drive_link,,,,
nc0305,Evviva la Vergine,Elena Flossberger,14 luglio 1961,Canto popolare carnico - Casaso,Canto popolare carnico - Casaso,Casaso,46.5293,13.1187,Collezione privata di Valter Colle,nc0305,Audio,AIF Audio File (VLC),friulano,"Diritti da verificare con il titolare della registrazione; utilizzo consentito esclusivamente per finalità di ricerca, previa autorizzazione.",In Copyright – Rights-Holder(s) Unlocatable or Unresponsive,audio,assets/objects/nc0305.aiff,https://drive.google.com/file/d/1EfVBwZsibzHdjhOvJKsDhCYUYX1tDfCw/view?usp=drive_link,,,,
nc0306,Evviva la Vergine,Elena Flossberger,14 luglio 1961,Canto popolare carnico - Casaso,Canto popolare carnico - Casaso,Casaso,46.5293,13.1187,Collezione privata di Valter Colle,nc0306,Audio,AIF Audio File (VLC),friulano,"Diritti da verificare con il titolare della registrazione; utilizzo consentito esclusivamente per finalità di ricerca, previa autorizzazione.",In Copyright – Rights-Holder(s) Unlocatable or Unresponsive,audio,assets/objects/nc0306.aiff,https://drive.google.com/file/d/1N7PQafCVGUggNmdWbs8AKuASR8GK9VIX/view?usp=drive_link,,,,
nc0307,Evviva Maria,Elena Flossberger,14 luglio 1961,Canto popolare carnico - Casaso,Canto popolare carnico - Casaso,Casaso,46.5293,13.1187,Collezione privata di Valter Colle,nc0307,Audio,AIF Audio File (VLC),friulano,"Diritti da verificare con il titolare della registrazione; utilizzo consentito esclusivamente per finalità di ricerca, previa autorizzazione.",In Copyright – Rights-Holder(s) Unlocatable or Unresponsive,audio,assets/objects/nc0307.aiff,https://drive.google.com/file/d/1DQnz8gi1lgpj_8W6TvK4Vc_KabGjcW0P/view?usp=drive_link,,,,
nc0308,Al jeve il prin pastor,Amerigo Stefanutti,14 luglio 1961,Canto popolare carnico - Casaso,Canto popolare carnico - Casaso,Casaso,46.5293,13.1187,Collezione privata di Valter Colle,nc0308,Audio,AIF Audio File (VLC),friulano,"Diritti da verificare con il titolare della registrazione; utilizzo consentito esclusivamente per finalità di ricerca, previa autorizzazione.",In Copyright – Rights-Holder(s) Unlocatable or Unresponsive,audio,assets/objects/nc0308.aiff,https://drive.google.com/file/d/10z5jw-vcCySt6ac3nkPvr-W7Ug_CwWFv/view?usp=drive_link,,,,
nc0309,La fontane di Creneri,Amerigo Stefanutti,14 luglio 1961,Canto popolare carnico - Casaso,Canto popolare carnico - Casaso,Casaso,46.5293,13.1187,Collezione privata di Valter Colle,nc0309,Audio,AIF Audio File (VLC),friulano,"Diritti da verificare con il titolare della registrazione; utilizzo consentito esclusivamente per finalità di ricerca, previa autorizzazione.",In Copyright – Rights-Holder(s) Unlocatable or Unresponsive,audio,assets/objects/nc0309.aiff,https://drive.google.com/file/d/1FcF7gkIbPLCl1JNQdfiEVKICwn9IBcdM/view?usp=drive_link,,,,
nc0310,La biele sompladine,Amerigo Stefanutti,14 luglio 1961,Canto popolare carnico - Casaso,Canto popolare carnico - Casaso,Casaso,46.5293,13.1187,Collezione privata di Valter Colle,nc0310,Audio,AIF Audio File (VLC),friulano,"Diritti da verificare con il titolare della registrazione; utilizzo consentito esclusivamente per finalità di ricerca, previa autorizzazione.",In Copyright – Rights-Holder(s) Unlocatable or Unresponsive,audio,assets/objects/nc0310.aiff,https://drive.google.com/file/d/1ypJSELkyk-d77NBCdU_DzhJZw2m6OlvE/view?usp=drive_link,,,,
nc0311,A maridâsi,Amerigo Stefanutti,14 luglio 1961,Canto popolare carnico - Casaso,Canto popolare carnico - Casaso,Casaso,46.5293,13.1187,Collezione privata di Valter Colle,nc0311,Audio,AIF Audio File (VLC),friulano,"Diritti da verificare con il titolare della registrazione; utilizzo consentito esclusivamente per finalità di ricerca, previa autorizzazione.",In Copyright – Rights-Holder(s) Unlocatable or Unresponsive,audio,assets/objects/nc0311.aiff,https://drive.google.com/file/d/11uctJQsXTBMfbKy-Rp3BstM2pMfkDNq5/view?usp=drive_link,,,,
nc0312,Ducj i domandi,Elena Flossberger (53 anni),14 luglio 1961,Canto popolare carnico - Casaso,Canto popolare carnico - Casaso,Casaso,46.5293,13.1187,Collezione privata di Valter Colle,nc0312,Audio,AIF Audio File (VLC),friulano,"Diritti da verificare con il titolare della registrazione; utilizzo consentito esclusivamente per finalità di ricerca, previa autorizzazione.",In Copyright – Rights-Holder(s) Unlocatable or Unresponsive,audio,assets/objects/nc0312.aiff,https://drive.google.com/file/d/1zyd1jN4NTksAHKGjiEgeteqHlwoLFgCe/view?usp=drive_link,,,,
nc0313,Il soreli plui nol scjalda,,,Canto popolare carnico - Casaso,Canto popolare carnico - Casaso,Casaso,46.5293,13.1187,Collezione privata di Valter Colle,nc0313,Audio,AIF Audio File (VLC),friulano,"Diritti da verificare con il titolare della registrazione; utilizzo consentito esclusivamente per finalità di ricerca, previa autorizzazione.",In Copyright – Rights-Holder(s) Unlocatable or Unresponsive,audio,assets/objects/nc0313.aiff,https://drive.google.com/file/d/1KElVN2z4sbjKZDRoBfohG717S7-4UO0d/view?usp=drive_link,,,,
nc0314,Joi chê crete praduline,,,Canto popolare carnico - Casaso,Canto popolare carnico - Casaso,Casaso,46.5293,13.1187,Collezione privata di Valter Colle,nc0314,Audio,AIF Audio File (VLC),friulano,"Diritti da verificare con il titolare della registrazione; utilizzo consentito esclusivamente per finalità di ricerca, previa autorizzazione.",In Copyright – Rights-Holder(s) Unlocatable or Unresponsive,audio,assets/objects/nc0314.aiff,https://drive.google.com/file/d/17l6AQGrcwSsZn7klASBZnb2B7w3a3v1R/view?usp=drive_link,,,,
nc0315,"Oi sisi, oi nono, la usance di cumò",,,Canto popolare carnico - Casaso,Canto popolare carnico - Casaso,Casaso,46.5293,13.1187,Collezione privata di Valter Colle,nc0315,Audio,AIF Audio File (VLC),friulano,"Diritti da verificare con il titolare della registrazione; utilizzo consentito esclusivamente per finalità di ricerca, previa autorizzazione.",In Copyright – Rights-Holder(s) Unlocatable or Unresponsive,audio,assets/objects/nc0315.aiff,https://drive.google.com/file/d/1xDFqLN5LK3FyNqY7OorFSxaN8v9VVl0Y/view?usp=drive_link,,,,
nc0316,O amabile Maria,,,Canto popolare carnico - Casaso,Canto popolare carnico - Casaso,Casaso,46.5293,13.1187,Collezione privata di Valter Colle,nc0316,Audio,AIF Audio File (VLC),friulano,"Diritti da verificare con il titolare della registrazione; utilizzo consentito esclusivamente per finalità di ricerca, previa autorizzazione.",In Copyright – Rights-Holder(s) Unlocatable or Unresponsive,audio,assets/objects/nc0316.aiff,https://drive.google.com/file/d/1fEnGipj3m0lh6YFNXQuhSLJ0JRZfHT90/view?usp=drive_link,,,,
nc0317,picinine di trê dîs,,,Canto popolare carnico - Casaso,Canto popolare carnico - Casaso,Casaso,46.5293,13.1187,Collezione privata di Valter Colle,nc0317,Audio,AIF Audio File (VLC),friulano,"Diritti da verificare con il titolare della registrazione; utilizzo consentito esclusivamente per finalità di ricerca, previa autorizzazione.",In Copyright – Rights-Holder(s) Unlocatable or Unresponsive,audio,assets/objects/nc0317.aiff,https://drive.google.com/file/d/1LwcFV0TJJnXuiBXYVqo-lLgf_pzxqpgS/view?usp=drive_link,,,,
nc0318,"Valu là, velu la vie",,,Canto popolare carnico - Ligosullo,Canto popolare carnico - Ligosullo,Ligosullo,46.5401,13.0755,Collezione privata di Valter Colle,nc0318,Audio,AIF Audio File (VLC),friulano,"Diritti da verificare con il titolare della registrazione; utilizzo consentito esclusivamente per finalità di ricerca, previa autorizzazione.",In Copyright – Rights-Holder(s) Unlocatable or Unresponsive,audio,assets/objects/nc0318.aiff,https://drive.google.com/file/d/10Otxnd7Mxc3htUoBOZXek0JU9SqPST-K/view?usp=drive_link,,,,
nc0319,Al jeve il prin pastor,,,Canto popolare carnico - Ligosullo,Canto popolare carnico - Ligosullo,Ligosullo,46.5401,13.0755,Collezione privata di Valter Colle,nc0319,Audio,AIF Audio File (VLC),friulano,"Diritti da verificare con il titolare della registrazione; utilizzo consentito esclusivamente per finalità di ricerca, previa autorizzazione.",In Copyright – Rights-Holder(s) Unlocatable or Unresponsive,audio,assets/objects/nc0319.aiff,https://drive.google.com/file/d/1zIY-AJQ29OhSeRDHgaFweOHoFLAf7Qjk/view?usp=drive_link,,,,
nc0320,Cuan chi io fui in val Paledri,,,Canto popolare carnico - Ligosullo,Canto popolare carnico - Ligosullo,Ligosullo,46.5401,13.0755,Collezione privata di Valter Colle,nc0320,Audio,AIF Audio File (VLC),friulano,"Diritti da verificare con il titolare della registrazione; utilizzo consentito esclusivamente per finalità di ricerca, previa autorizzazione.",In Copyright – Rights-Holder(s) Unlocatable or Unresponsive,audio,assets/objects/nc0320.aiff,https://drive.google.com/file/d/179-2SkTpnDMhtI2mruMSNrZ900clbM85/view?usp=drive_link,,,,
nc0321,Vie pe gnot,,,Canto popolare carnico - Ligosullo,Canto popolare carnico - Ligosullo,Ligosullo,46.5401,13.0755,Collezione privata di Valter Colle,nc0321,Audio,AIF Audio File (VLC),friulano,"Diritti da verificare con il titolare della registrazione; utilizzo consentito esclusivamente per finalità di ricerca, previa autorizzazione.",In Copyright – Rights-Holder(s) Unlocatable or Unresponsive,audio,assets/objects/nc0321.aiff,https://drive.google.com/file/d/11ay6LfKIHMIu70ki-gQSU1a9LUQ0KVJv/view?usp=drive_link,,,,
nc0322,Cuant che fui in Val Pavedri,,,Canto popolare carnico - Ligosullo,Canto popolare carnico - Ligosullo,Ligosullo,46.5401,13.0755,Collezione privata di Valter Colle,nc0322,Audio,AIF Audio File (VLC),friulano,"Diritti da verificare con il titolare della registrazione; utilizzo consentito esclusivamente per finalità di ricerca, previa autorizzazione.",In Copyright – Rights-Holder(s) Unlocatable or Unresponsive,audio,assets/objects/nc0322.aiff,https://drive.google.com/file/d/1AE1axdv4uzlqfEOkGLBZ6_P-ivYFlIbA/view?usp=drive_link,,,,
nc0323,Cantate..,,,Canto popolare carnico - Ligosullo,Canto popolare carnico - Ligosullo,Ligosullo,46.5401,13.0755,Collezione privata di Valter Colle,nc0323,Audio,AIF Audio File (VLC),friulano,"Diritti da verificare con il titolare della registrazione; utilizzo consentito esclusivamente per finalità di ricerca, previa autorizzazione.",In Copyright – Rights-Holder(s) Unlocatable or Unresponsive,audio,assets/objects/nc0323.aiff,https://drive.google.com/file/d/1bdVtgoiAMrQycbLV5st1Qge2FOO2FrF3/view?usp=drive_link,,,,
nc0324,Al vaive ancje il soreli,,,Canto popolare carnico - Ligosullo,Canto popolare carnico - Ligosullo,Ligosullo,46.5401,13.0755,Collezione privata di Valter Colle,nc0324,Audio,AIF Audio File (VLC),friulano,"Diritti da verificare con il titolare della registrazione; utilizzo consentito esclusivamente per finalità di ricerca, previa autorizzazione.",In Copyright – Rights-Holder(s) Unlocatable or Unresponsive,audio,assets/objects/nc0324.aiff,https://drive.google.com/file/d/1G_gCqySlvp2zW9riabRHdHDSLjX-rWEb/view?usp=drive_link,,,,
nc0325,Era un frate,,,Canto popolare carnico - Ligosullo,Canto popolare carnico - Ligosullo,Ligosullo,46.5401,13.0755,Collezione privata di Valter Colle,nc0325,Audio,AIF Audio File (VLC),friulano,"Diritti da verificare con il titolare della registrazione; utilizzo consentito esclusivamente per finalità di ricerca, previa autorizzazione.",In Copyright – Rights-Holder(s) Unlocatable or Unresponsive,audio,assets/objects/nc0325.aiff,https://drive.google.com/file/d/1W7F4Rgp2NSX-KrQsQ8qbCS_NWDsu0e07/view?usp=drive_link,,,,
nc0326,Una sera di setembre,,,Canto popolare carnico - Ligosullo,Canto popolare carnico - Ligosullo,Ligosullo,46.5401,13.0755,Collezione privata di Valter Colle,nc0326,Audio,AIF Audio File (VLC),friulano,"Diritti da verificare con il titolare della registrazione; utilizzo consentito esclusivamente per finalità di ricerca, previa autorizzazione.",In Copyright – Rights-Holder(s) Unlocatable or Unresponsive,audio,assets/objects/nc0326.aiff,https://drive.google.com/file/d/1klpy4T0a18_hziz0FMfXUOFEL8WUQHPA/view?usp=drive_link,,,,
nc0327,Daûr la crete di Tarsadie,,,Canto popolare carnico - Ligosullo,Canto popolare carnico - Ligosullo,Ligosullo,46.5401,13.0755,Collezione privata di Valter Colle,nc0327,Audio,AIF Audio File (VLC),friulano,"Diritti da verificare con il titolare della registrazione; utilizzo consentito esclusivamente per finalità di ricerca, previa autorizzazione.",In Copyright – Rights-Holder(s) Unlocatable or Unresponsive,audio,assets/objects/nc0327.aiff,https://drive.google.com/file/d/1H5YgY5AAkRXbgU6jhPvbvDKLbVMmsyiK/view?usp=drive_link,,,,
nc0328,"Picjnine, ti ai cjolete",,,Canto popolare carnico - Ligosullo,Canto popolare carnico - Ligosullo,Ligosullo,46.5401,13.0755,Collezione privata di Valter Colle,nc0328,Audio,AIF Audio File (VLC),friulano,"Diritti da verificare con il titolare della registrazione; utilizzo consentito esclusivamente per finalità di ricerca, previa autorizzazione.",In Copyright – Rights-Holder(s) Unlocatable or Unresponsive,audio,assets/objects/nc0328.aiff,https://drive.google.com/file/d/1yHiwc9-QKCvDn55xliQ2nwCTCNn7EZMm/view?usp=drive_link,,,,
nc0329,Sul puint di Braulins,,,Canto popolare carnico - Ligosullo,Canto popolare carnico - Ligosullo,Ligosullo,46.5401,13.0755,Collezione privata di Valter Colle,nc0329,Audio,AIF Audio File (VLC),friulano,"Diritti da verificare con il titolare della registrazione; utilizzo consentito esclusivamente per finalità di ricerca, previa autorizzazione.",In Copyright – Rights-Holder(s) Unlocatable or Unresponsive,audio,assets/objects/nc0329.aiff,https://drive.google.com/file/d/1kdf101xEjYQ7e8nwtH1Op4cq-yr-bw1V/view?usp=drive_link,,,,
nc0330,Io son nata in primavera,,,Canto popolare carnico - Ligosullo,Canto popolare carnico - Ligosullo,Ligosullo,46.5401,13.0755,Collezione privata di Valter Colle,nc0330,Audio,AIF Audio File (VLC),friulano,"Diritti da verificare con il titolare della registrazione; utilizzo consentito esclusivamente per finalità di ricerca, previa autorizzazione.",In Copyright – Rights-Holder(s) Unlocatable or Unresponsive,audio,assets/objects/nc0330.aiff,https://drive.google.com/file/d/1lndGtqDGpCyXMctEMNkmZanmb_6o2Pze/view?usp=drive_link,,,,
nc0331,Il gno puem al mi à lassade,,,Canto popolare carnico - Ligosullo,Canto popolare carnico - Ligosullo,Ligosullo,46.5401,13.0755,Collezione privata di Valter Colle,nc0331,Audio,AIF Audio File (VLC),friulano,"Diritti da verificare con il titolare della registrazione; utilizzo consentito esclusivamente per finalità di ricerca, previa autorizzazione.",In Copyright – Rights-Holder(s) Unlocatable or Unresponsive,audio,assets/objects/nc0331.aiff,https://drive.google.com/file/d/1UE29kWhcdEG4q20dFOp78lpUzzZ8B4PO/view?usp=drive_link,,,,
nc0332,Assassine Praduline!,,,Canto popolare carnico - Ligosullo,Canto popolare carnico - Ligosullo,Ligosullo,46.5401,13.0755,Collezione privata di Valter Colle,nc0332,Audio,AIF Audio File (VLC),friulano,"Diritti da verificare con il titolare della registrazione; utilizzo consentito esclusivamente per finalità di ricerca, previa autorizzazione.",In Copyright – Rights-Holder(s) Unlocatable or Unresponsive,audio,assets/objects/nc0332.aiff,https://drive.google.com/file/d/1XH6SBzjTs_h5eHlATfI-Ph8t7etABfbQ/view?usp=drive_link,,,,
nc0333,La gjate va a bevi,,,Canto popolare carnico - Ligosullo,Canto popolare carnico - Ligosullo,Ligosullo,46.5401,13.0755,Collezione privata di Valter Colle,nc0333,Audio,AIF Audio File (VLC),friulano,"Diritti da verificare con il titolare della registrazione; utilizzo consentito esclusivamente per finalità di ricerca, previa autorizzazione.",In Copyright – Rights-Holder(s) Unlocatable or Unresponsive,audio,assets/objects/nc0333.aiff,https://drive.google.com/file/d/1XdCb33aIBRoI02kYvEIWyQklmMJEW2hh/view?usp=drive_link,,,,
nc0334,Cuant che jeri ,,,Canto popolare carnico - Ligosullo,Canto popolare carnico - Ligosullo,Ligosullo,46.5401,13.0755,Collezione privata di Valter Colle,nc0334,Audio,AIF Audio File (VLC),friulano,"Diritti da verificare con il titolare della registrazione; utilizzo consentito esclusivamente per finalità di ricerca, previa autorizzazione.",In Copyright – Rights-Holder(s) Unlocatable or Unresponsive,audio,assets/objects/nc0334.aiff,https://drive.google.com/file/d/1yCPmdJI6WUa3boEavln2zFfgJS2MMjme/view?usp=drive_link,,,,
nc0335,"Nô vignìn, o gran Regine",,,Canto popolare carnico - Ligosullo,Canto popolare carnico - Ligosullo,Ligosullo,46.5401,13.0755,Collezione privata di Valter Colle,nc0335,Audio,AIF Audio File (VLC),friulano,"Diritti da verificare con il titolare della registrazione; utilizzo consentito esclusivamente per finalità di ricerca, previa autorizzazione.",In Copyright – Rights-Holder(s) Unlocatable or Unresponsive,audio,assets/objects/nc0335.aiff,https://drive.google.com/file/d/18KJ-e_62lM1Du55wvm_l7oRHeO5hA1Qg/view?usp=drive_link,,,,
nc0336,Toni e Catine,,,Canto popolare carnico - Ligosullo,Canto popolare carnico - Ligosullo,Ligosullo,46.5401,13.0755,Collezione privata di Valter Colle,nc0336,Audio,AIF Audio File (VLC),friulano,"Diritti da verificare con il titolare della registrazione; utilizzo consentito esclusivamente per finalità di ricerca, previa autorizzazione.",In Copyright – Rights-Holder(s) Unlocatable or Unresponsive,audio,assets/objects/nc0336.aiff,https://drive.google.com/file/d/1lFseZubCo3Af_QceEbsEZQPNioUCiTbO/view?usp=drive_link,,,,
nc0401,E fûr fûr di che casere,,17 agosto 1966,Canto popolare carnico - Paularo,Canto popolare carnico - Paularo,Paularo,46.5303,13.1166,Collezione privata di Valter Colle,nc0401,Audio,AIF Audio File (VLC),friulano,"Diritti da verificare con il titolare della registrazione; utilizzo consentito esclusivamente per finalità di ricerca, previa autorizzazione.",In Copyright – Rights-Holder(s) Unlocatable or Unresponsive,audio,assets/objects/nc0401.aiff,https://drive.google.com/file/d/12AL4n0i5PV0eGB7qa5CmusCKUL2_S8_8/view?usp=drive_link,,,,
nc0402,Biel vignint da l'Ongjarie,,17 agosto 1966,Canto popolare carnico - Paularo,Canto popolare carnico - Paularo,Paularo,46.5303,13.1166,Collezione privata di Valter Colle,nc0402,Audio,AIF Audio File (VLC),friulano,"Diritti da verificare con il titolare della registrazione; utilizzo consentito esclusivamente per finalità di ricerca, previa autorizzazione.",In Copyright – Rights-Holder(s) Unlocatable or Unresponsive,audio,assets/objects/nc0402.aiff,https://drive.google.com/file/d/1MGWNKhGyAHM7KfTvDxtk7-JbP8fE4MtE/view?usp=drive_link,,,,
nc0403,Al è chel vecjo,,17 agosto 1966,Canto popolare carnico - Paularo,Canto popolare carnico - Paularo,Paularo,46.5303,13.1166,Collezione privata di Valter Colle,nc0403,Audio,AIF Audio File (VLC),friulano,"Diritti da verificare con il titolare della registrazione; utilizzo consentito esclusivamente per finalità di ricerca, previa autorizzazione.",In Copyright – Rights-Holder(s) Unlocatable or Unresponsive,audio,assets/objects/nc0403.aiff,https://drive.google.com/file/d/18_t3J80X6upt6d7Ief0LgMlRVwKSBbxF/view?usp=drive_link,,,,
nc0404,Un piedin di ca da l'aghe,,17 agosto 1966,Canto popolare carnico - Paularo,Canto popolare carnico - Paularo,Paularo,46.5303,13.1166,Collezione privata di Valter Colle,nc0404,Audio,AIF Audio File (VLC),friulano,"Diritti da verificare con il titolare della registrazione; utilizzo consentito esclusivamente per finalità di ricerca, previa autorizzazione.",In Copyright – Rights-Holder(s) Unlocatable or Unresponsive,audio,assets/objects/nc0404.aiff,https://drive.google.com/file/d/1T-IEbZK4KCetEu8AWrCZO3_v4QgNaT04/view?usp=drive_link,,,,
nc0405,"Balis tu, Pieri",,17 agosto 1966,Canto popolare carnico - Paularo,Canto popolare carnico - Paularo,Paularo,46.5303,13.1166,Collezione privata di Valter Colle,nc0405,Audio,AIF Audio File (VLC),friulano,"Diritti da verificare con il titolare della registrazione; utilizzo consentito esclusivamente per finalità di ricerca, previa autorizzazione.",In Copyright – Rights-Holder(s) Unlocatable or Unresponsive,audio,assets/objects/nc0405.aiff,https://drive.google.com/file/d/18nESWKCeGM6RhnrLg6ogRF1HLPCEEwed/view?usp=drive_link,,,,
nc0406,I fantats di cheste Vile,,17 agosto 1966,Canto popolare carnico - Paularo,Canto popolare carnico - Paularo,Paularo,46.5303,13.1166,Collezione privata di Valter Colle,nc0406,Audio,AIF Audio File (VLC),friulano,"Diritti da verificare con il titolare della registrazione; utilizzo consentito esclusivamente per finalità di ricerca, previa autorizzazione.",In Copyright – Rights-Holder(s) Unlocatable or Unresponsive,audio,assets/objects/nc0406.aiff,https://drive.google.com/file/d/1ia0dXva0fERcRLIcIA6cpmJzRFoq6l2v/view?usp=drive_link,,,,
nc0407,Il gno cûr al bat a suste,,17 agosto 1966,Canto popolare carnico - Paularo,Canto popolare carnico - Paularo,Paularo,46.5303,13.1166,Collezione privata di Valter Colle,nc0407,Audio,AIF Audio File (VLC),friulano,"Diritti da verificare con il titolare della registrazione; utilizzo consentito esclusivamente per finalità di ricerca, previa autorizzazione.",In Copyright – Rights-Holder(s) Unlocatable or Unresponsive,audio,assets/objects/nc0407.aiff,https://drive.google.com/file/d/1Wp-rjO2jxahhlnafCsXACB50mLfx6DLA/view?usp=drive_link,,,,
nc0408,Se biele no sei,,17 agosto 1966,Canto popolare carnico - Paularo,Canto popolare carnico - Paularo,Paularo,46.5303,13.1166,Collezione privata di Valter Colle,nc0408,Audio,AIF Audio File (VLC),friulano,"Diritti da verificare con il titolare della registrazione; utilizzo consentito esclusivamente per finalità di ricerca, previa autorizzazione.",In Copyright – Rights-Holder(s) Unlocatable or Unresponsive,audio,assets/objects/nc0408.aiff,https://drive.google.com/file/d/1Pu27SqFqr6WaELj_LO90k_JDNe-exExi/view?usp=drive_link,,,,
nc0409,Oi assassine Praduline!,,17 agosto 1966,Canto popolare carnico - Paularo,Canto popolare carnico - Paularo,Paularo,46.5303,13.1166,Collezione privata di Valter Colle,nc0409,Audio,AIF Audio File (VLC),friulano,"Diritti da verificare con il titolare della registrazione; utilizzo consentito esclusivamente per finalità di ricerca, previa autorizzazione.",In Copyright – Rights-Holder(s) Unlocatable or Unresponsive,audio,assets/objects/nc0409.aiff,https://drive.google.com/file/d/1dGl_pIY25qHwDCCi9QSkYL-aPF63LPtj/view?usp=drive_link,,,,
nc0410,Fasin un cjant a la cjargnele,,17 agosto 1966,Canto popolare carnico - Paularo,Canto popolare carnico - Paularo,Paularo,46.5303,13.1166,Collezione privata di Valter Colle,nc0410,Audio,AIF Audio File (VLC),friulano,"Diritti da verificare con il titolare della registrazione; utilizzo consentito esclusivamente per finalità di ricerca, previa autorizzazione.",In Copyright – Rights-Holder(s) Unlocatable or Unresponsive,audio,assets/objects/nc0410.aiff,https://drive.google.com/file/d/1pi1kcpFCJxfENxxJIELIKsBzWcn2DlKD/view?usp=drive_link,,,,
nc0411,Ce m'impuarte se no soi biele,,17 agosto 1966,Canto popolare carnico - Paularo,Canto popolare carnico - Paularo,Paularo,46.5303,13.1166,Collezione privata di Valter Colle,nc0411,Audio,AIF Audio File (VLC),friulano,"Diritti da verificare con il titolare della registrazione; utilizzo consentito esclusivamente per finalità di ricerca, previa autorizzazione.",In Copyright – Rights-Holder(s) Unlocatable or Unresponsive,audio,assets/objects/nc0411.aiff,https://drive.google.com/file/d/1m7RR430235pC6D0gdy-cpL2flYITxlWo/view?usp=drive_link,,,,
nc0412,Cuand ch'a levin su pas tegnes,,18 agosto 1966,Canto popolare carnico - Valle di Rivalpo,Canto popolare carnico - Valle di Rivalpo,Valle di Rivalpo,46.4997,13.0717,Collezione privata di Valter Colle,nc0412,Audio,AIF Audio File (VLC),friulano,"Diritti da verificare con il titolare della registrazione; utilizzo consentito esclusivamente per finalità di ricerca, previa autorizzazione.",In Copyright – Rights-Holder(s) Unlocatable or Unresponsive,audio,assets/objects/nc0412.aiff,https://drive.google.com/file/d/1HVFa7AjoArisYRqbjQctbhp6ZwsQKcDZ/view?usp=drive_link,,,,
nc0413,Orazion,,18 agosto 1966,Canto popolare carnico - Valle di Rivalpo,Canto popolare carnico - Valle di Rivalpo,Valle di Rivalpo,46.4997,13.0717,Collezione privata di Valter Colle,nc0413,Audio,AIF Audio File (VLC),friulano,"Diritti da verificare con il titolare della registrazione; utilizzo consentito esclusivamente per finalità di ricerca, previa autorizzazione.",In Copyright – Rights-Holder(s) Unlocatable or Unresponsive,audio,assets/objects/nc0413.aiff,https://drive.google.com/file/d/1vKnV0GOF7I2j6oqQyY-qZoIEZ7az4T1g/view?usp=drive_link,,,,
nc0414,Mari sante di chel Dio,,18 agosto 1966,Canto popolare carnico - Valle di Rivalpo,Canto popolare carnico - Valle di Rivalpo,Valle di Rivalpo,46.4997,13.0717,Collezione privata di Valter Colle,nc0414,Audio,AIF Audio File (VLC),friulano,"Diritti da verificare con il titolare della registrazione; utilizzo consentito esclusivamente per finalità di ricerca, previa autorizzazione.",In Copyright – Rights-Holder(s) Unlocatable or Unresponsive,audio,assets/objects/nc0414.aiff,https://drive.google.com/file/d/1VuSuhxjFQTxankJfxZGfntcv-EHlxIc3/view?usp=drive_link,,,,
nc0415,In questo mese,,18 agosto 1966,Canto popolare carnico - Valle di Rivalpo,Canto popolare carnico - Valle di Rivalpo,Valle di Rivalpo,46.4997,13.0717,Collezione privata di Valter Colle,nc0415,Audio,AIF Audio File (VLC),friulano,"Diritti da verificare con il titolare della registrazione; utilizzo consentito esclusivamente per finalità di ricerca, previa autorizzazione.",In Copyright – Rights-Holder(s) Unlocatable or Unresponsive,audio,assets/objects/nc0415.aiff,https://drive.google.com/file/d/1agV-DZz-AAwSP0ASeNq5eLAg-YfHLrco/view?usp=drive_link,,,,
nc0416,Egloga natalizia,,18 agosto 1966,Canto popolare carnico - Valle di Rivalpo,Canto popolare carnico - Valle di Rivalpo,Valle di Rivalpo,46.4997,13.0717,Collezione privata di Valter Colle,nc0416,Audio,AIF Audio File (VLC),friulano,"Diritti da verificare con il titolare della registrazione; utilizzo consentito esclusivamente per finalità di ricerca, previa autorizzazione.",In Copyright – Rights-Holder(s) Unlocatable or Unresponsive,audio,assets/objects/nc0416.aiff,https://drive.google.com/file/d/1ExqQkuK8uiYi_OqqB93WqxQ1iOQ-AZsF/view?usp=drive_link,,,,
nc0417,Ven fûr ven fûr nuvice,,18 agosto 1966,Canto popolare carnico - Valle di Rivalpo,Canto popolare carnico - Valle di Rivalpo,Valle di Rivalpo,46.4997,13.0717,Collezione privata di Valter Colle,nc0417,Audio,AIF Audio File (VLC),friulano,"Diritti da verificare con il titolare della registrazione; utilizzo consentito esclusivamente per finalità di ricerca, previa autorizzazione.",In Copyright – Rights-Holder(s) Unlocatable or Unresponsive,audio,assets/objects/nc0417.aiff,https://drive.google.com/file/d/1WhDGEzqOMf1EfmPOGogX7oTqU1ewsut-/view?usp=drive_link,,,,
nc0418,"Comari, comarete",,18 agosto 1966,Canto popolare carnico - Valle di Rivalpo,Canto popolare carnico - Valle di Rivalpo,Valle di Rivalpo,46.4997,13.0717,Collezione privata di Valter Colle,nc0418,Audio,AIF Audio File (VLC),friulano,"Diritti da verificare con il titolare della registrazione; utilizzo consentito esclusivamente per finalità di ricerca, previa autorizzazione.",In Copyright – Rights-Holder(s) Unlocatable or Unresponsive,audio,assets/objects/nc0418.aiff,https://drive.google.com/file/d/13c5-V4lwgtmv8q9FC4T3QGd7v2vDRexM/view?usp=drive_link,,,,
nc0419,Cuand ch'io eri insomp las tegnas,,18 agosto 1966,Canto popolare carnico - Valle di Rivalpo,Canto popolare carnico - Valle di Rivalpo,Valle di Rivalpo,46.4997,13.0717,Collezione privata di Valter Colle,nc0419,Audio,AIF Audio File (VLC),friulano,"Diritti da verificare con il titolare della registrazione; utilizzo consentito esclusivamente per finalità di ricerca, previa autorizzazione.",In Copyright – Rights-Holder(s) Unlocatable or Unresponsive,audio,assets/objects/nc0419.aiff,https://drive.google.com/file/d/1H1nS1yLJTX4QwvNXXdMDbKrV1fxYCwrp/view?usp=drive_link,,,,
nc0420,Cûrisin de la Madone,,18 agosto 1966,Canto popolare carnico - Valle di Rivalpo,Canto popolare carnico - Valle di Rivalpo,Valle di Rivalpo,46.4997,13.0717,Collezione privata di Valter Colle,nc0420,Audio,AIF Audio File (VLC),friulano,"Diritti da verificare con il titolare della registrazione; utilizzo consentito esclusivamente per finalità di ricerca, previa autorizzazione.",In Copyright – Rights-Holder(s) Unlocatable or Unresponsive,audio,assets/objects/nc0420.aiff,https://drive.google.com/file/d/1XE4zipoOsBOUQsWaF34cbV938aoHhn4O/view?usp=drive_link,,,,
nc0421,Cuand che jo lâvi su pa Valcjale,,18 agosto 1966,Canto popolare carnico - Valle di Rivalpo,Canto popolare carnico - Valle di Rivalpo,Valle di Rivalpo,46.4997,13.0717,Collezione privata di Valter Colle,nc0421,Audio,AIF Audio File (VLC),friulano,"Diritti da verificare con il titolare della registrazione; utilizzo consentito esclusivamente per finalità di ricerca, previa autorizzazione.",In Copyright – Rights-Holder(s) Unlocatable or Unresponsive,audio,assets/objects/nc0421.aiff,https://drive.google.com/file/d/1dNDiQHqP4SpVAka9Jch3qE3AE0AvYw4y/view?usp=drive_link,,,,
nc0422,RAI: Une cjantade in companie,,,Programma radiofonico Noliani,,,,,Collezione privata di Valter Colle,nc0422,Audio,AIF Audio File (VLC),friulano,"Diritti da verificare con il titolare della registrazione; utilizzo consentito esclusivamente per finalità di ricerca, previa autorizzazione.",In Copyright – Rights-Holder(s) Unlocatable or Unresponsive,audio,assets/objects/nc0422.aiff,https://drive.google.com/file/d/1N5A4Xb96T539W8hGesaG56CQIeiar3QJ/view?usp=drive_link,,,,
nc0501,Biela biela tutine,"Giosella Simonetti (50 anni), Fedina Primus (49 anni), Jole Agostinis (39 anni), Fenisia Cimenti (45 anni), Angelina Cimenti (44 anni), Alma Agostinis (41 anni), Tranquilla Fior (30 anni)",,,,Fielis ,46.4750,13.0333,Collezione privata di Valter Colle,nc0501,Audio,AIF Audio File (VLC),friulano,"Diritti da verificare con il titolare della registrazione; utilizzo consentito esclusivamente per finalità di ricerca, previa autorizzazione.",In Copyright – Rights-Holder(s) Unlocatable or Unresponsive,audio,assets/objects/nc0501.aiff,,,,,
nc0502,E su su su chel San Pieri,"Giosella Simonetti (50 anni), Fedina Primus (49 anni), Jole Agostinis (39 anni), Fenisia Cimenti (45 anni), Angelina Cimenti (44 anni), Alma Agostinis (41 anni), Tranquilla Fior (30 anni)",01/07/1956,,,Fielis,46.4750,13.0333,Collezione privata di Valter Colle,nc0502,Audio,AIF Audio File (VLC),friulano,"Diritti da verificare con il titolare della registrazione; utilizzo consentito esclusivamente per finalità di ricerca, previa autorizzazione.",In Copyright – Rights-Holder(s) Unlocatable or Unresponsive,audio,assets/objects/nc0502.aiff,,,,,
nc0503,Bon te tace,Aldo Stroili,16/08/1958,,,Cavazzo Carnico,46.3673,13.0410,Collezione privata di Valter Colle,nc0503,Audio,AIF Audio File (VLC),friulano,"Diritti da verificare con il titolare della registrazione; utilizzo consentito esclusivamente per finalità di ricerca, previa autorizzazione.",In Copyright – Rights-Holder(s) Unlocatable or Unresponsive,audio,assets/objects/nc0503.aiff,,,,,
nc0504,A vul scaie a fa muraie,Aldo Stroili,16/08/1958,,,Cavazzo Carnico,46.3673,13.0410,Collezione privata di Valter Colle,nc0504,Audio,AIF Audio File (VLC),friulano,"Diritti da verificare con il titolare della registrazione; utilizzo consentito esclusivamente per finalità di ricerca, previa autorizzazione.",In Copyright – Rights-Holder(s) Unlocatable or Unresponsive,audio,assets/objects/nc0504.aiff,,,,,
nc0505,A Dales,,16/08/1958,,,Cavazzo Carnico,46.3673,13.0410,Collezione privata di Valter Colle,nc0505,Audio,AIF Audio File (VLC),friulano,"Diritti da verificare con il titolare della registrazione; utilizzo consentito esclusivamente per finalità di ricerca, previa autorizzazione.",In Copyright – Rights-Holder(s) Unlocatable or Unresponsive,audio,assets/objects/nc0505.aiff,,,,,
nc0506,Ce partenze dolorose,,16/08/1958,,,Cavazzo Carnico,46.3673,13.0410,Collezione privata di Valter Colle,nc0506,Audio,AIF Audio File (VLC),friulano,"Diritti da verificare con il titolare della registrazione; utilizzo consentito esclusivamente per finalità di ricerca, previa autorizzazione.",In Copyright – Rights-Holder(s) Unlocatable or Unresponsive,audio,assets/objects/nc0506.aiff,,,,,
nc0507,"Seiso vo, done Marie",,16/08/1958,,,Cavazzo Carnico,46.3673,13.0410,Collezione privata di Valter Colle,nc0507,Audio,AIF Audio File (VLC),friulano,"Diritti da verificare con il titolare della registrazione; utilizzo consentito esclusivamente per finalità di ricerca, previa autorizzazione.",In Copyright – Rights-Holder(s) Unlocatable or Unresponsive,audio,assets/objects/nc0507.aiff,,,,,
nc0508,"E duc mi disin ""More nere""",,16/08/1958,,,Cavazzo Carnico,46.3673,13.0410,Collezione privata di Valter Colle,nc0508,Audio,AIF Audio File (VLC),friulano,"Diritti da verificare con il titolare della registrazione; utilizzo consentito esclusivamente per finalità di ricerca, previa autorizzazione.",In Copyright – Rights-Holder(s) Unlocatable or Unresponsive,audio,assets/objects/nc0508.aiff,,,,,
nc0509,O ce arie frescjoline,,16/08/1958,,,Cavazzo Carnico,46.3673,13.0410,Collezione privata di Valter Colle,nc0509,Audio,AIF Audio File (VLC),friulano,"Diritti da verificare con il titolare della registrazione; utilizzo consentito esclusivamente per finalità di ricerca, previa autorizzazione.",In Copyright – Rights-Holder(s) Unlocatable or Unresponsive,audio,assets/objects/nc0509.aiff,,,,,
nc0510,Lis fantatis cjavazinis,,16/08/1958,,,Cavazzo Carnico,46.3673,13.0410,Collezione privata di Valter Colle,nc0510,Audio,AIF Audio File (VLC),friulano,"Diritti da verificare con il titolare della registrazione; utilizzo consentito esclusivamente per finalità di ricerca, previa autorizzazione.",In Copyright – Rights-Holder(s) Unlocatable or Unresponsive,audio,assets/objects/nc0510.aiff,,,,,
nc0511,su e ju par,,16/08/1958,,,Cavazzo Carnico,46.3673,13.0410,Collezione privata di Valter Colle,nc0511,Audio,AIF Audio File (VLC),friulano,"Diritti da verificare con il titolare della registrazione; utilizzo consentito esclusivamente per finalità di ricerca, previa autorizzazione.",In Copyright – Rights-Holder(s) Unlocatable or Unresponsive,audio,assets/objects/nc0511.aiff,,,,,
nc0512,Il gno voli al si rivolte,,16/08/1958,,,Cavazzo Carnico,46.3673,13.0410,Collezione privata di Valter Colle,nc0512,Audio,AIF Audio File (VLC),friulano,"Diritti da verificare con il titolare della registrazione; utilizzo consentito esclusivamente per finalità di ricerca, previa autorizzazione.",In Copyright – Rights-Holder(s) Unlocatable or Unresponsive,audio,assets/objects/nc0512.aiff,,,,,
nc0513,E ducj mi disin more,,16/08/1958,,,Cavazzo Carnico,46.3673,13.0410,Collezione privata di Valter Colle,nc0513,Audio,AIF Audio File (VLC),friulano,"Diritti da verificare con il titolare della registrazione; utilizzo consentito esclusivamente per finalità di ricerca, previa autorizzazione.",In Copyright – Rights-Holder(s) Unlocatable or Unresponsive,audio,assets/objects/nc0513.aiff,,,,,
nc0514,O gran pari di pietât,,16/08/1958,,,Piano d'Arta (?),46.4876,13.0169,Collezione privata di Valter Colle,nc0514,Audio,AIF Audio File (VLC),friulano,"Diritti da verificare con il titolare della registrazione; utilizzo consentito esclusivamente per finalità di ricerca, previa autorizzazione.",In Copyright – Rights-Holder(s) Unlocatable or Unresponsive,audio,assets/objects/nc0514.aiff,,,,,
nc0515,O gran pari di pietât,,16/08/1958,,,Piano d'Arta (?),46.4876,13.0169,Collezione privata di Valter Colle,nc0515,Audio,AIF Audio File (VLC),friulano,"Diritti da verificare con il titolare della registrazione; utilizzo consentito esclusivamente per finalità di ricerca, previa autorizzazione.",In Copyright – Rights-Holder(s) Unlocatable or Unresponsive,audio,assets/objects/nc0515.aiff,,,,,
nc0516,A vegnin chei di Sudri,prob. Piano M. Peresson,1956,,,Piano d'Arta (?),46.4876,13.0169,Collezione privata di Valter Colle,nc0516,Audio,AIF Audio File (VLC),friulano,"Diritti da verificare con il titolare della registrazione; utilizzo consentito esclusivamente per finalità di ricerca, previa autorizzazione.",In Copyright – Rights-Holder(s) Unlocatable or Unresponsive,audio,assets/objects/nc0516.aiff,,,,,
nc0517,Velu là che al passe,prob. Piano M. Peresson,,,,Piano d'Arta (?),46.4876,13.0169,Collezione privata di Valter Colle,nc0517,Audio,AIF Audio File (VLC),friulano,"Diritti da verificare con il titolare della registrazione; utilizzo consentito esclusivamente per finalità di ricerca, previa autorizzazione.",In Copyright – Rights-Holder(s) Unlocatable or Unresponsive,audio,assets/objects/nc0517.aiff,,,,,
nc0518,"No, no mi pasioni",,,,,Piano d'Arta (?),46.4876,13.0169,Collezione privata di Valter Colle,nc0518,Audio,AIF Audio File (VLC),friulano,"Diritti da verificare con il titolare della registrazione; utilizzo consentito esclusivamente per finalità di ricerca, previa autorizzazione.",In Copyright – Rights-Holder(s) Unlocatable or Unresponsive,audio,assets/objects/nc0518.aiff,,,,,
nc0519,La mê pueme zovinine,prob. Piano M. Peresson,,,,Piano d'Arta (?),46.4876,13.0169,Collezione privata di Valter Colle,nc0519,Audio,AIF Audio File (VLC),friulano,"Diritti da verificare con il titolare della registrazione; utilizzo consentito esclusivamente per finalità di ricerca, previa autorizzazione.",In Copyright – Rights-Holder(s) Unlocatable or Unresponsive,audio,assets/objects/nc0519.aiff,,,,,
nc0520,Ce partenze dolorose,prob. Piano M. Peresson,,,,Piano d'Arta (?),46.4876,13.0169,Collezione privata di Valter Colle,nc0520,Audio,AIF Audio File (VLC),friulano,"Diritti da verificare con il titolare della registrazione; utilizzo consentito esclusivamente per finalità di ricerca, previa autorizzazione.",In Copyright – Rights-Holder(s) Unlocatable or Unresponsive,audio,assets/objects/nc0520.aiff,,,,,
nc0521,De Schiarlan,prob. Piano M. Peresson,,,,Cleulis ,46.5676,13.0093,Collezione privata di Valter Colle,nc0521,Audio,AIF Audio File (VLC),friulano,"Diritti da verificare con il titolare della registrazione; utilizzo consentito esclusivamente per finalità di ricerca, previa autorizzazione.",In Copyright – Rights-Holder(s) Unlocatable or Unresponsive,audio,assets/objects/nc0521.aiff,,,,,
nc0522,Ce partenze dolorose,"Maddalena Puntel (59 anni), Natalina Puntel (29 anni), Gilda Puntel (29 anni), Maria Puntel (17 anni)",30/06/1956,,,Cleulis ,46.5676,13.0093,Collezione privata di Valter Colle,nc0522,Audio,AIF Audio File (VLC),friulano,"Diritti da verificare con il titolare della registrazione; utilizzo consentito esclusivamente per finalità di ricerca, previa autorizzazione.",In Copyright – Rights-Holder(s) Unlocatable or Unresponsive,audio,assets/objects/nc0522.aiff,,,,,
nc0523,Vin finîde la zornade,"Maddalena Puntel (59 anni), Natalina Puntel (29 anni), Gilda Puntel (29 anni), Maria Puntel (17 anni)",30/06/1956,,,Cleulis ,46.5676,13.0093,Collezione privata di Valter Colle,nc0523,Audio,AIF Audio File (VLC),friulano,"Diritti da verificare con il titolare della registrazione; utilizzo consentito esclusivamente per finalità di ricerca, previa autorizzazione.",In Copyright – Rights-Holder(s) Unlocatable or Unresponsive,audio,assets/objects/nc0523.aiff,,,,,
nc0524,Lusive la lune,"Maddalena Puntel (59 anni), Natalina Puntel (29 anni), Gilda Puntel (29 anni), Maria Puntel (17 anni)",30/06/1956,,,Cleulis ,46.5676,13.0093,Collezione privata di Valter Colle,nc0524,Audio,AIF Audio File (VLC),friulano,"Diritti da verificare con il titolare della registrazione; utilizzo consentito esclusivamente per finalità di ricerca, previa autorizzazione.",In Copyright – Rights-Holder(s) Unlocatable or Unresponsive,audio,assets/objects/nc0524.aiff,,,,,
nc0525,Noi siamo i tre re magi dell'Oriente,"Maddalena Puntel (59 anni), Natalina Puntel (29 anni), Gilda Puntel (29 anni), Maria Puntel (17 anni)",30/06/1956,,,Cleulis ,46.5676,13.0093,Collezione privata di Valter Colle,nc0525,Audio,AIF Audio File (VLC),friulano,"Diritti da verificare con il titolare della registrazione; utilizzo consentito esclusivamente per finalità di ricerca, previa autorizzazione.",In Copyright – Rights-Holder(s) Unlocatable or Unresponsive,audio,assets/objects/nc0525.aiff,,,,,
nc0526,Fûr fûr fûr nuvice,"Maddalena Puntel (59 anni), Natalina Puntel (29 anni), Gilda Puntel (29 anni), Maria Puntel (17 anni)",30/06/1956,,,Cleulis ,46.5676,13.0093,Collezione privata di Valter Colle,nc0526,Audio,AIF Audio File (VLC),friulano,"Diritti da verificare con il titolare della registrazione; utilizzo consentito esclusivamente per finalità di ricerca, previa autorizzazione.",In Copyright – Rights-Holder(s) Unlocatable or Unresponsive,audio,assets/objects/nc0526.aiff,,,,,
nc0527,Sono stata fino a Sant'Anna,"Maddalena Puntel (59 anni), Natalina Puntel (29 anni), Gilda Puntel (29 anni), Maria Puntel (17 anni)",30/06/1956,,,Piano d'Arta (?),46.4876,13.0169,Collezione privata di Valter Colle,nc0527,Audio,AIF Audio File (VLC),friulano,"Diritti da verificare con il titolare della registrazione; utilizzo consentito esclusivamente per finalità di ricerca, previa autorizzazione.",In Copyright – Rights-Holder(s) Unlocatable or Unresponsive,audio,assets/objects/nc0527.aiff,,,,,
nc0528,"Dindine, dindone","Maddalena Puntel (59 anni), Natalina Puntel (29 anni), Gilda Puntel (29 anni), Maria Puntel (17 anni)",30/06/1956,,,Cleulis ,46.5676,13.0093,Collezione privata di Valter Colle,nc0528,Audio,AIF Audio File (VLC),friulano,"Diritti da verificare con il titolare della registrazione; utilizzo consentito esclusivamente per finalità di ricerca, previa autorizzazione.",In Copyright – Rights-Holder(s) Unlocatable or Unresponsive,audio,assets/objects/nc0528.aiff,,,,,
nc0529,Tu sês stat a fa li strezis,"Maddalena Puntel (59 anni), Natalina Puntel (29 anni), Gilda Puntel (29 anni), Maria Puntel (17 anni)",30/06/1956,,,Cleulis,46.5676,13.0093,Collezione privata di Valter Colle,nc0529,Audio,AIF Audio File (VLC),friulano,"Diritti da verificare con il titolare della registrazione; utilizzo consentito esclusivamente per finalità di ricerca, previa autorizzazione.",In Copyright – Rights-Holder(s) Unlocatable or Unresponsive,audio,assets/objects/nc0529.aiff,,,,,
nc0530,"Jesu, Jesu, Jesu, a lu clamin Jesu","Badai Pietro (40 anni), Evaristo Divora (65 anni)",02/07/1956,,,Cercivento,46.527123,12.986841,Collezione privata di Valter Colle,nc0530,Audio,AIF Audio File (VLC),friulano,"Diritti da verificare con il titolare della registrazione; utilizzo consentito esclusivamente per finalità di ricerca, previa autorizzazione.",In Copyright – Rights-Holder(s) Unlocatable or Unresponsive,audio,assets/objects/nc0530.aiff,,,,,
nc0531,Çurçuvint di sore,"Badai Pietro (40 anni), Evaristo Divora (65 anni)",02/07/1956,,,Cercivento,46.527123,12.986841,Collezione privata di Valter Colle,nc0531,Audio,AIF Audio File (VLC),friulano,"Diritti da verificare con il titolare della registrazione; utilizzo consentito esclusivamente per finalità di ricerca, previa autorizzazione.",In Copyright – Rights-Holder(s) Unlocatable or Unresponsive,audio,assets/objects/nc0531.aiff,,,,,
nc0532,Benedet il nom di Cleulins,"Badai Pietro (40 anni), Evaristo Divora (65 anni)",02/07/1956,,,Cercivento,46.527123,12.986841,Collezione privata di Valter Colle,nc0532,Audio,AIF Audio File (VLC),friulano,"Diritti da verificare con il titolare della registrazione; utilizzo consentito esclusivamente per finalità di ricerca, previa autorizzazione.",In Copyright – Rights-Holder(s) Unlocatable or Unresponsive,audio,assets/objects/nc0532.aiff,,,,,
nc0533,Sù la crete di Culine,"Di Vora Angelina, 65 anni",02/07/1956,,,Cercivento,46.527123,12.986841,Collezione privata di Valter Colle,nc0533,Audio,AIF Audio File (VLC),friulano,"Diritti da verificare con il titolare della registrazione; utilizzo consentito esclusivamente per finalità di ricerca, previa autorizzazione.",In Copyright – Rights-Holder(s) Unlocatable or Unresponsive,audio,assets/objects/nc0533.aiff,,,,,
nc0534,Picinine ti ai cjolete,,02/07/1956,,,Cercivento,46.527123,12.986841,Collezione privata di Valter Colle,nc0534,Audio,AIF Audio File (VLC),friulano,"Diritti da verificare con il titolare della registrazione; utilizzo consentito esclusivamente per finalità di ricerca, previa autorizzazione.",In Copyright – Rights-Holder(s) Unlocatable or Unresponsive,audio,assets/objects/nc0534.aiff,,,,,
nc0535,Fûr fûr nuvice,"Ebner Caterina in Unfer ""Gloser"", 75 anni",02/07/1956,,,Timau ,46.5806,12.9486,Collezione privata di Valter Colle,nc0535,Audio,AIF Audio File (VLC),friulano,"Diritti da verificare con il titolare della registrazione; utilizzo consentito esclusivamente per finalità di ricerca, previa autorizzazione.",In Copyright – Rights-Holder(s) Unlocatable or Unresponsive,audio,assets/objects/nc0535.aiff,,,,,
nc0601,Cuand che fui in som Sostâs,Gioia Agostinis,5 settembre 1969,,,Sostasio,46.5167,12.8345,Collezione privata di Valter Colle,nc0601,Audio,AIF Audio File (VLC),friulano,"Diritti da verificare con il titolare della registrazione; utilizzo consentito esclusivamente per finalità di ricerca, previa autorizzazione.",In Copyright – Rights-Holder(s) Unlocatable or Unresponsive,audio,assets/objects/nc0601.aiff,,,,,
nc0602,Biel entrant in cheste vile,Giombattista Tivan,05/09/1970,,,Sostasio,46.5167,12.8345,Collezione privata di Valter Colle,nc0602,Audio,AIF Audio File (VLC),friulano,"Diritti da verificare con il titolare della registrazione; utilizzo consentito esclusivamente per finalità di ricerca, previa autorizzazione.",In Copyright – Rights-Holder(s) Unlocatable or Unresponsive,audio,assets/objects/nc0602.aiff,,,,,
nc0603,Se Prât al fos in riva al mar,Benvenuto Bearzi; Michele Rupil; Luigi Rupil; Remo Rupil,sabato 24 gennaio 1970,,, Prato Carnico,46.5203,12.7972,Collezione privata di Valter Colle,nc0603,Audio,AIF Audio File (VLC),friulano,"Diritti da verificare con il titolare della registrazione; utilizzo consentito esclusivamente per finalità di ricerca, previa autorizzazione.",In Copyright – Rights-Holder(s) Unlocatable or Unresponsive,audio,assets/objects/nc0603.aiff,,,,,
nc0604,Il biroç al va,Benvenuto Bearzi; Michele Rupil; Luigi Rupil; Remo Rupil,sabato 24 gennaio 1970,,, Prato Carnico,46.5203,12.7972,Collezione privata di Valter Colle,nc0604,Audio,AIF Audio File (VLC),friulano,"Diritti da verificare con il titolare della registrazione; utilizzo consentito esclusivamente per finalità di ricerca, previa autorizzazione.",In Copyright – Rights-Holder(s) Unlocatable or Unresponsive,audio,assets/objects/nc0604.aiff,,,,,
nc0605,La chellera,Benvenuto Bearzi; Michele Rupil; Luigi Rupil; Remo Rupil,sabato 24 gennaio 1970,,, Prato Carnico,46.5203,12.7972,Collezione privata di Valter Colle,nc0605,Audio,AIF Audio File (VLC),friulano,"Diritti da verificare con il titolare della registrazione; utilizzo consentito esclusivamente per finalità di ricerca, previa autorizzazione.",In Copyright – Rights-Holder(s) Unlocatable or Unresponsive,audio,assets/objects/nc0605.aiff,,,,,
nc0606,Quando la va a la messa,Benvenuto Bearzi; Michele Rupil; Luigi Rupil; Remo Rupil,sabato 24 gennaio 1970,,, Prato Carnico,46.5203,12.7972,Collezione privata di Valter Colle,nc0606,Audio,AIF Audio File (VLC),friulano,"Diritti da verificare con il titolare della registrazione; utilizzo consentito esclusivamente per finalità di ricerca, previa autorizzazione.",In Copyright – Rights-Holder(s) Unlocatable or Unresponsive,audio,assets/objects/nc0606.aiff,,,,,
nc0607,Tic tac la lancetta corre avanti,Benvenuto Bearzi; Michele Rupil; Luigi Rupil; Remo Rupil,sabato 24 gennaio 1970,,, Prato Carnico,46.5203,12.7972,Collezione privata di Valter Colle,nc0607,Audio,AIF Audio File (VLC),friulano,"Diritti da verificare con il titolare della registrazione; utilizzo consentito esclusivamente per finalità di ricerca, previa autorizzazione.",In Copyright – Rights-Holder(s) Unlocatable or Unresponsive,audio,assets/objects/nc0607.aiff,,,,,
nc0608,Dait un tic a riche puarte,Benvenuto Bearzi; Michele Rupil; Luigi Rupil; Remo Rupil,sabato 24 gennaio 1970,,, Prato Carnico,46.5203,12.7972,Collezione privata di Valter Colle,nc0608,Audio,AIF Audio File (VLC),friulano,"Diritti da verificare con il titolare della registrazione; utilizzo consentito esclusivamente per finalità di ricerca, previa autorizzazione.",In Copyright – Rights-Holder(s) Unlocatable or Unresponsive,audio,assets/objects/nc0608.aiff,,,,,
nc0609,Sa tu fos una regina,Benvenuto Bearzi; Michele Rupil; Luigi Rupil; Remo Rupil,sabato 24 gennaio 1970,,, Prato Carnico,46.5203,12.7972,Collezione privata di Valter Colle,nc0609,Audio,AIF Audio File (VLC),friulano,"Diritti da verificare con il titolare della registrazione; utilizzo consentito esclusivamente per finalità di ricerca, previa autorizzazione.",In Copyright – Rights-Holder(s) Unlocatable or Unresponsive,audio,assets/objects/nc0609.aiff,,,,,
nc0610,L'avaiana,Benvenuto Bearzi; Michele Rupil; Luigi Rupil; Remo Rupil,sabato 24 gennaio 1970,,, Prato Carnico,46.5203,12.7972,Collezione privata di Valter Colle,nc0610,Audio,AIF Audio File (VLC),friulano,"Diritti da verificare con il titolare della registrazione; utilizzo consentito esclusivamente per finalità di ricerca, previa autorizzazione.",In Copyright – Rights-Holder(s) Unlocatable or Unresponsive,audio,assets/objects/nc0610.aiff,,,,,
nc0611,Non vedi che gli alberi sdrindulano,Benvenuto Bearzi; Michele Rupil; Luigi Rupil; Remo Rupil,sabato 24 gennaio 1970,,, Prato Carnico,46.5203,12.7972,Collezione privata di Valter Colle,nc0611,Audio,AIF Audio File (VLC),friulano,"Diritti da verificare con il titolare della registrazione; utilizzo consentito esclusivamente per finalità di ricerca, previa autorizzazione.",In Copyright – Rights-Holder(s) Unlocatable or Unresponsive,audio,assets/objects/nc0611.aiff,,,,,
nc0612,Come vuei era la sagre,Benvenuto Bearzi; Michele Rupil; Luigi Rupil; Remo Rupil,sabato 24 gennaio 1970,,, Prato Carnico,46.5203,12.7972,Collezione privata di Valter Colle,nc0612,Audio,AIF Audio File (VLC),friulano,"Diritti da verificare con il titolare della registrazione; utilizzo consentito esclusivamente per finalità di ricerca, previa autorizzazione.",In Copyright – Rights-Holder(s) Unlocatable or Unresponsive,audio,assets/objects/nc0612.aiff,,,,,
nc0613,Ce giovie lâ in Sostâs,Benvenuto Bearzi; Michele Rupil; Luigi Rupil; Remo Rupil,sabato 24 gennaio 1970,,, Prato Carnico,46.5203,12.7972,Collezione privata di Valter Colle,nc0613,Audio,AIF Audio File (VLC),friulano,"Diritti da verificare con il titolare della registrazione; utilizzo consentito esclusivamente per finalità di ricerca, previa autorizzazione.",In Copyright – Rights-Holder(s) Unlocatable or Unresponsive,audio,assets/objects/nc0613.aiff,,,,,
nc0614,La siaradura,Benvenuto Bearzi; Michele Rupil; Luigi Rupil; Remo Rupil,sabato 24 gennaio 1970,,, Prato Carnico,46.5203,12.7972,Collezione privata di Valter Colle,nc0614,Audio,AIF Audio File (VLC),friulano,"Diritti da verificare con il titolare della registrazione; utilizzo consentito esclusivamente per finalità di ricerca, previa autorizzazione.",In Copyright – Rights-Holder(s) Unlocatable or Unresponsive,audio,assets/objects/nc0614.aiff,,,,,
nc0615,Al è rot il cjalderin,Benvenuto Bearzi; Michele Rupil; Luigi Rupil; Remo Rupil,sabato 24 gennaio 1970,,, Prato Carnico,46.5203,12.7972,Collezione privata di Valter Colle,nc0615,Audio,AIF Audio File (VLC),friulano,"Diritti da verificare con il titolare della registrazione; utilizzo consentito esclusivamente per finalità di ricerca, previa autorizzazione.",In Copyright – Rights-Holder(s) Unlocatable or Unresponsive,audio,assets/objects/nc0615.aiff,,,,,
nc0616,La puarte sierade,Benvenuto Bearzi; Michele Rupil; Luigi Rupil; Remo Rupil,sabato 24 gennaio 1970,,, Prato Carnico,46.5203,12.7972,Collezione privata di Valter Colle,nc0616,Audio,AIF Audio File (VLC),friulano,"Diritti da verificare con il titolare della registrazione; utilizzo consentito esclusivamente per finalità di ricerca, previa autorizzazione.",In Copyright – Rights-Holder(s) Unlocatable or Unresponsive,audio,assets/objects/nc0616.aiff,,,,,
nc0617,Se ti punge,Benvenuto Bearzi; Michele Rupil; Luigi Rupil; Remo Rupil,sabato 24 gennaio 1970,,, Prato Carnico,46.5203,12.7972,Collezione privata di Valter Colle,nc0617,Audio,AIF Audio File (VLC),friulano,"Diritti da verificare con il titolare della registrazione; utilizzo consentito esclusivamente per finalità di ricerca, previa autorizzazione.",In Copyright – Rights-Holder(s) Unlocatable or Unresponsive,audio,assets/objects/nc0617.aiff,,,,,
nc0618,Se l'asimpon fa fertic,Benvenuto Bearzi; Michele Rupil; Luigi Rupil; Remo Rupil,sabato 24 gennaio 1970,,, Prato Carnico,46.5203,12.7972,Collezione privata di Valter Colle,nc0618,Audio,AIF Audio File (VLC),friulano,"Diritti da verificare con il titolare della registrazione; utilizzo consentito esclusivamente per finalità di ricerca, previa autorizzazione.",In Copyright – Rights-Holder(s) Unlocatable or Unresponsive,audio,assets/objects/nc0618.aiff,,,,,
nc0619,Soi lât su par che scjalute,Benvenuto Bearzi; Michele Rupil; Luigi Rupil; Remo Rupil,sabato 24 gennaio 1970,,, Prato Carnico,46.5203,12.7972,Collezione privata di Valter Colle,nc0619,Audio,AIF Audio File (VLC),friulano,"Diritti da verificare con il titolare della registrazione; utilizzo consentito esclusivamente per finalità di ricerca, previa autorizzazione.",In Copyright – Rights-Holder(s) Unlocatable or Unresponsive,audio,assets/objects/nc0619.aiff,,,,,
nc0620,Cheste viole palidute,Benvenuto Bearzi; Michele Rupil; Luigi Rupil; Remo Rupil,sabato 24 gennaio 1970,,, Prato Carnico,46.5203,12.7972,Collezione privata di Valter Colle,nc0620,Audio,AIF Audio File (VLC),friulano,"Diritti da verificare con il titolare della registrazione; utilizzo consentito esclusivamente per finalità di ricerca, previa autorizzazione.",In Copyright – Rights-Holder(s) Unlocatable or Unresponsive,audio,assets/objects/nc0620.aiff,,,,,
nc0621,Io soi stade a confessami,Benvenuto Bearzi; Michele Rupil; Luigi Rupil; Remo Rupil,sabato 24 gennaio 1970,,, Prato Carnico,46.5203,12.7972,Collezione privata di Valter Colle,nc0621,Audio,AIF Audio File (VLC),friulano,"Diritti da verificare con il titolare della registrazione; utilizzo consentito esclusivamente per finalità di ricerca, previa autorizzazione.",In Copyright – Rights-Holder(s) Unlocatable or Unresponsive,audio,assets/objects/nc0621.aiff,,,,,
nc0622,Jo no ho marit a Truia,Benvenuto Bearzi; Michele Rupil; Luigi Rupil; Remo Rupil,sabato 24 gennaio 1970,,, Prato Carnico,46.5203,12.7972,Collezione privata di Valter Colle,nc0622,Audio,AIF Audio File (VLC),friulano,"Diritti da verificare con il titolare della registrazione; utilizzo consentito esclusivamente per finalità di ricerca, previa autorizzazione.",In Copyright – Rights-Holder(s) Unlocatable or Unresponsive,audio,assets/objects/nc0622.aiff,,,,,
nc0623,Miserere,Benvenuto Bearzi; Michele Rupil; Luigi Rupil; Remo Rupil,sabato 24 gennaio 1970,,, Prato Carnico,46.5203,12.7972,Collezione privata di Valter Colle,nc0623,Audio,AIF Audio File (VLC),friulano,"Diritti da verificare con il titolare della registrazione; utilizzo consentito esclusivamente per finalità di ricerca, previa autorizzazione.",In Copyright – Rights-Holder(s) Unlocatable or Unresponsive,audio,assets/objects/nc0623.aiff,,,,,
nc0624,"Viva la croce, la croce sempre viva",Benvenuto Bearzi; Michele Rupil; Luigi Rupil; Remo Rupil,sabato 24 gennaio 1970,,, Prato Carnico,46.5203,12.7972,Collezione privata di Valter Colle,nc0624,Audio,AIF Audio File (VLC),friulano,"Diritti da verificare con il titolare della registrazione; utilizzo consentito esclusivamente per finalità di ricerca, previa autorizzazione.",In Copyright – Rights-Holder(s) Unlocatable or Unresponsive,audio,assets/objects/nc0624.aiff,,,,,
nc0625,Mieli Mieli Mieli,Benvenuto Bearzi; Michele Rupil; Luigi Rupil; Remo Rupil,sabato 24 gennaio 1970,,, Prato Carnico,46.5203,12.7972,Collezione privata di Valter Colle,nc0625,Audio,AIF Audio File (VLC),friulano,"Diritti da verificare con il titolare della registrazione; utilizzo consentito esclusivamente per finalità di ricerca, previa autorizzazione.",In Copyright – Rights-Holder(s) Unlocatable or Unresponsive,audio,assets/objects/nc0625.aiff,,,,,
nc0626,Un toc di crodije,Benvenuto Bearzi; Michele Rupil; Luigi Rupil; Remo Rupil,sabato 24 gennaio 1970,,, Prato Carnico,46.5203,12.7972,Collezione privata di Valter Colle,nc0626,Audio,AIF Audio File (VLC),friulano,"Diritti da verificare con il titolare della registrazione; utilizzo consentito esclusivamente per finalità di ricerca, previa autorizzazione.",In Copyright – Rights-Holder(s) Unlocatable or Unresponsive,audio,assets/objects/nc0626.aiff,,,,,
nc0627,Tantis fantatis in cheste vile,Benvenuto Bearzi; Michele Rupil; Luigi Rupil; Remo Rupil,sabato 24 gennaio 1970,,, Prato Carnico,46.5203,12.7972,Collezione privata di Valter Colle,nc0627,Audio,AIF Audio File (VLC),friulano,"Diritti da verificare con il titolare della registrazione; utilizzo consentito esclusivamente per finalità di ricerca, previa autorizzazione.",In Copyright – Rights-Holder(s) Unlocatable or Unresponsive,audio,assets/objects/nc0627.aiff,,,,,
nc0628,Tra la ciso e la muraio,Benvenuto Bearzi; Michele Rupil; Luigi Rupil; Remo Rupil,sabato 24 gennaio 1970,,, Prato Carnico,46.5203,12.7972,Collezione privata di Valter Colle,nc0628,Audio,AIF Audio File (VLC),friulano,"Diritti da verificare con il titolare della registrazione; utilizzo consentito esclusivamente per finalità di ricerca, previa autorizzazione.",In Copyright – Rights-Holder(s) Unlocatable or Unresponsive,audio,assets/objects/nc0628.aiff,,,,,
nc0629,Adio cara Girania,Benvenuto Bearzi; Michele Rupil; Luigi Rupil; Remo Rupil,sabato 24 gennaio 1970,,, Prato Carnico,46.5203,12.7972,Collezione privata di Valter Colle,nc0629,Audio,AIF Audio File (VLC),friulano,"Diritti da verificare con il titolare della registrazione; utilizzo consentito esclusivamente per finalità di ricerca, previa autorizzazione.",In Copyright – Rights-Holder(s) Unlocatable or Unresponsive,audio,assets/objects/nc0629.aiff,,,,,
nc0630,,,,,,,,,,,,,,,,,,,,,,
nc0631,,,,,,,,,,,,,,,,,,,,,,
nc0632,,,,,,,,,,,,,,,,,,,,,,
nc0633,,,,,,,,,,,,,,,,,,,,,,
nc0634,,,,,,,,,,,,,,,,,,,,,,
nc0635,,,,,,,,,,,,,,,,,,,,,,
nc0636,,,,,,,,,,,,,,,,,,,,,,
nc0637,,,,,,,,,,,,,,,,,,,,,,
nc0638,,,,,,,,,,,,,,,,,,,,,,
nc0639,,,,,,,,,,,,,,,,,,,,,,
nc0640,,,,,,,,,,,,,,,,,,,,,,
nc0641,,,,,,,,,,,,,,,,,,,,,,
nc0642,,,,,,,,,,,,,,,,,,,,,,
nc0643,,,,,,,,,,,,,,,,,,,,,,
nc0644,,,,,,,,,,,,,,,,,,,,,,
nc0645,,,,,,,,,,,,,,,,,,,,,,
nc0646,,,,,,,,,,,,,,,,,,,,,,
nc0647,,,,,,,,,,,,,,,,,,,,,,
nc0648,,,,,,,,,,,,,,,,,,,,,,
nc0649,,,,,,,,,,,,,,,,,,,,,,
nc0650,,,,,,,,,,,,,,,,,,,,,,
nc0651,,,,,,,,,,,,,,,,,,,,,,
nc0652,,,,,,,,,,,,,,,,,,,,,,
nc0653,,,,,,,,,,,,,,,,,,,,,,
nc0654,,,,,,,,,,,,,,,,,,,,,,
nc0655,,,,,,,,,,,,,,,,,,,,,,
nc0656,,,,,,,,,,,,,,,,,,,,,,
nc0657,,,,,,,,,,,,,,,,,,,,,,
nc0658,,,,,,,,,,,,,,,,,,,,,,
nc0659,,,,,,,,,,,,,,,,,,,,,,
nc0660,,,,,,,,,,,,,,,,,,,,,,
nc0661,,,,,,,,,,,,,,,,,,,,,,
nc0662,,,,,,,,,,,,,,,,,,,,,,
nc0663,,,,,,,,,,,,,,,,,,,,,,
nc0664,,,,,,,,,,,,,,,,,,,,,,
nc0665,,,,,,,,,,,,,,,,,,,,,,
nc0666,,,,,,,,,,,,,,,,,,,,,,
nc0667,,,,,,,,,,,,,,,,,,,,,,
nc0668,,,,,,,,,,,,,,,,,,,,,,
nc0669,,,,,,,,,,,,,,,,,,,,,,